10;0401-clwa-controlRm;coverage;9;8;0;1;1;0
13;518-clwa;coverage;12;11;0;1;1;0
14;518-clwb;coverage;12;11;0;1;1;0
17;0912-clwa-hvac-n;coverage;16;15;0;1;1;0
18;0912-clwa-hvac-s;coverage;16;15;0;1;1;0
21;0961-clwa-ARBoffice;coverage;20;19;0;1;1;0
24;0971-clwa-electshop;coverage;23;22;0;1;1;0
25;0971-clwa-inspector;coverage;23;22;0;1;1;0
26;0971-clwa-maintoffice;coverage;23;22;0;1;1;0
27;0971-clwa-shopstores;coverage;23;22;0;1;1;0
28;0971-clwa-signshop;coverage;23;22;0;1;1;0
31;2041-clwa-phoenix;coverage;30;29;0;1;1;0
32;2041-clwb-phoenix;coverage;30;29;0;1;1;0
33;2041-clwc-phoenix;coverage;30;29;0;1;1;0
36;0231-clwa-office;coverage;35;34;0;1;1;0
37;0231-clwa-room1;coverage;35;34;0;1;1;0
38;0231-clwa-room3;coverage;35;34;0;1;1;0
39;0231-clwa-room5;coverage;35;34;0;1;1;0
42;2331-clwa-conf;coverage;41;40;0;1;1;0
43;2331-clwa-patio;coverage;41;40;0;1;1;0
46;2381-clwa-terminal;coverage;45;44;0;1;1;0
49;5001-clwa-cavern;coverage;48;47;0;1;1;0
50;5001-clwb-cavern;coverage;48;47;0;1;1;0
51;5001-clwc-cavern;coverage;48;47;0;1;1;0
54;5211-clwa-Kuci;coverage;53;52;0;1;1;0
57;5291-clwa-pippin;coverage;56;55;0;1;1;0
60;6821-clwa-courthouse;coverage;59;58;0;1;1;0
63;6841-clwa-fieldhouse;coverage;62;61;0;1;1;0
66;7101-clwa-catwalk;coverage;65;64;0;1;1;0
67;7101-clwa-entrance;coverage;65;64;0;1;1;0
70;7111-clwa-BusStop;coverage;69;68;0;1;1;0
71;7111-clwa-catwalk;coverage;69;68;0;1;1;0
72;7111-clwa-left-ent;coverage;69;68;0;1;1;0
73;7111-clwa-right-ent;coverage;69;68;0;1;1;0
76;8991-clwa-automation-trai;coverage;75;74;0;1;1;0
77;8991-clwa-hallway;coverage;75;74;0;1;1;0
80;9022-clwa-switchroom;coverage;79;78;0;1;1;0
83;9071-clwa-paciolan;coverage;82;81;0;1;1;0
84;9071-clwa-tfhouse;coverage;82;81;0;1;1;0
87;9111-clwa-paciolan;coverage;86;85;0;1;1;0
88;9111-clwa-track;coverage;86;85;0;1;1;0
91;9191-clwa-clubhouse;coverage;90;89;0;1;1;0
94;0021-clwa-100;coverage;93;92;0;1;1;0
95;0021-clwb-100;coverage;93;92;0;1;1;0
96;0021-clwc-100;coverage;93;92;0;1;1;0
97;0021-clwa-110;coverage;93;92;0;1;1;0
98;0021-clwb-110;coverage;93;92;0;1;1;0
99;0021-clwa-120a;coverage;93;92;0;1;1;0
100;0021-clwa-120b;coverage;93;92;0;1;1;0
101;0021-clwa-130a;coverage;93;92;0;1;1;0
102;0021-clwa-130b;coverage;93;92;0;1;1;0
103;0021-clwa-140-hall;coverage;93;92;0;1;1;0
105;0022-clwa-201d-hwy;coverage;104;92;0;1;1;0
106;0022-clwa-210L-hwy;coverage;104;92;0;1;1;0
107;0022-clwa-226f-hwy;coverage;104;92;0;1;1;0
108;0022-clwa-226h-hwy;coverage;104;92;0;1;1;0
110;0023-clwa-304;coverage;109;92;0;1;1;0
111;0023-clwa-310;coverage;109;92;0;1;1;0
112;0023-clwa-310b;coverage;109;92;0;1;1;0
113;0023-clwa-320;coverage;109;92;0;1;1;0
114;0023-clwb-320;coverage;109;92;0;1;1;0
115;0023-clwc-320;coverage;109;92;0;1;1;0
116;0023-clwa-330;coverage;109;92;0;1;1;0
117;0023-clwb-330;coverage;109;92;0;1;1;0
118;0023-clwa-342;coverage;109;92;0;1;1;0
120;0024-clwa-405hall;coverage;119;92;0;1;1;0
121;0024-clwa-408;coverage;119;92;0;1;1;0
122;0024-clwa-410;coverage;119;92;0;1;1;0
123;0024-clwa-420;coverage;119;92;0;1;1;0
124;0024-clwb-420;coverage;119;92;0;1;1;0
125;0024-clwa-430;coverage;119;92;0;1;1;0
126;0024-clwb-430;coverage;119;92;0;1;1;0
129;0051-clwa-lobby;coverage;128;127;0;1;1;0
130;0051-clwa-126hall;coverage;128;127;0;1;1;0
131;0051-clwa-140hall;coverage;128;127;0;1;1;0
132;0051-clwa-145hall;coverage;128;127;0;1;1;0
133;0051-clwa-153hall;coverage;128;127;0;1;1;0
134;0051-clwa-175hall;coverage;128;127;0;1;1;0
137;5221b-clwa-bunker;coverage;136;135;0;1;1;0
138;5221-clwa-trailer1;coverage;136;135;0;1;1;0
139;5221-clwa-trailer2;coverage;136;135;0;1;1;0
142;5331-clwa-room3;coverage;141;140;0;1;1;0
143;5331-clwa-room4;coverage;141;140;0;1;1;0
146;0061-clwa-105;coverage;145;144;0;1;1;0
147;0061-clwa-114;coverage;145;144;0;1;1;0
148;0061-clwa-124;coverage;145;144;0;1;1;0
151;0071b-clwa-conference;coverage;150;149;0;1;1;0
152;0071-clwa-lot-1c;coverage;150;149;0;1;1;0
153;0071a-clwa-100;coverage;150;149;0;1;1;0
154;0071b-clwa-151;coverage;150;149;0;1;1;0
156;0072a-clwa-200;coverage;155;149;0;1;1;0
159;903b-clwa-complab;coverage;158;157;0;1;1;0
160;903b-clwa-pool;coverage;158;157;0;1;1;0
161;903b-clwb-complab;coverage;158;157;0;1;1;0
163;9031-clwa-BusStop;coverage;162;157;0;1;1;0
164;9031-clwa-gym;coverage;162;157;0;1;1;0
165;9031-clwa-training;coverage;162;157;0;1;1;0
166;9031-clwb-training;coverage;162;157;0;1;1;0
167;9031-clwa-paciolan1;coverage;162;157;0;1;1;0
170;9172a-clwa-pavilion;coverage;169;168;0;1;1;0
172;9171-clwa-pressbox;coverage;171;168;0;1;1;0
173;9171b-clwb-pressbox;coverage;171;168;0;1;1;0
174;9171b-clwa-paciolan1;coverage;171;168;0;1;1;0
177;0031-clwa-1012hall;coverage;176;175;0;1;1;0
178;0031-clwa-1056hall;coverage;176;175;0;1;1;0
179;0031-clwa-1082hall;coverage;176;175;0;1;1;0
180;0031-clwa-1111;coverage;176;175;0;1;1;0
181;0031-clwb-1111;coverage;176;175;0;1;1;0
182;0031-clwc-1111;coverage;176;175;0;1;1;0
183;0031-clwa-1121;coverage;176;175;0;1;1;0
184;0031-clwb-1121;coverage;176;175;0;1;1;0
185;0031-clwa-1131;coverage;176;175;0;1;1;0
186;0031-clwb-1131;coverage;176;175;0;1;1;0
187;0031-clwc-1131;coverage;176;175;0;1;1;0
189;0032-clwa-2000;coverage;188;175;0;1;1;0
190;0032-clwa-2001;coverage;188;175;0;1;1;0
191;0032-clwb-2001;coverage;188;175;0;1;1;0
192;0032-clwa-2005;coverage;188;175;0;1;1;0
193;0032-clwa-2008;coverage;188;175;0;1;1;0
194;0032-clwa-2009;coverage;188;175;0;1;1;0
195;0032-clwb-2009;coverage;188;175;0;1;1;0
196;0032-clwa-2010;coverage;188;175;0;1;1;0
197;0032-clwa-2024;coverage;188;175;0;1;1;0
198;0032-clwa-2038hall;coverage;188;175;0;1;1;0
199;0032-clwa-2076hall;coverage;188;175;0;1;1;0
201;0033-clwa-358hall;coverage;200;175;0;1;1;0
202;0033-clwa-373;coverage;200;175;0;1;1;0
203;0033-clwa-3000;coverage;200;175;0;1;1;0
204;0033-clwa-3200;coverage;200;175;0;1;1;0
205;0033-clwa-3216;coverage;200;175;0;1;1;0
206;0033-clwa-3238;coverage;200;175;0;1;1;0
207;0033-clwa-3460hall;coverage;200;175;0;1;1;0
210;0411-clwa-111hall;coverage;209;208;0;1;1;0
211;0411-clwa-135;coverage;209;208;0;1;1;0
212;0411-clwa-147hall;coverage;209;208;0;1;1;0
213;0411-clwa-169;coverage;209;208;0;1;1;0
214;0411-clwb-169;coverage;209;208;0;1;1;0
215;0411-clwc-169;coverage;209;208;0;1;1;0
217;0412-clwa-230hall;coverage;216;208;0;1;1;0
220;0041-clwa-101;coverage;219;218;0;1;1;0
221;0041-clwa-101hallway;coverage;219;218;0;1;1;0
222;0041-clwa-102;coverage;219;218;0;1;1;0
223;0041-clwa-102hallway;coverage;219;218;0;1;1;0
224;0041-clwa-107;coverage;219;218;0;1;1;0
225;0041-clwa-109;coverage;219;218;0;1;1;0
227;0042-clwa-202;coverage;226;218;0;1;1;0
228;0042-clwa-212hall;coverage;226;218;0;1;1;0
229;0042-clwa-220;coverage;226;218;0;1;1;0
230;0042-clwa-221;coverage;226;218;0;1;1;0
231;0042-clwa-222;coverage;226;218;0;1;1;0
232;0042-clwa-223;coverage;226;218;0;1;1;0
234;0043-clwa-3500;coverage;233;218;0;1;1;0
235;0043-clwb-3500;coverage;233;218;0;1;1;0
236;0043-clwa-3650;coverage;233;218;0;1;1;0
237;0043-clwa-3750;coverage;233;218;0;1;1;0
238;0043-clwa-3800mhall;coverage;233;218;0;1;1;0
240;0044-clwa-4500;coverage;239;218;0;1;1;0
241;0044-clwa-4700;coverage;239;218;0;1;1;0
242;0044-clwa-4750;coverage;239;218;0;1;1;0
243;0044-clwa-4800dhall;coverage;239;218;0;1;1;0
244;0044-clwa-4800phall;coverage;239;218;0;1;1;0
245;0044-clwa-4850;coverage;239;218;0;1;1;0
248;0581-clwa-125;coverage;247;246;0;1;1;0
250;0582-clwa-212hall;coverage;249;246;0;1;1;0
252;0583-clwa-324;coverage;251;246;0;1;1;0
255;0081-clwa-Lobby;coverage;254;253;0;1;1;0
256;0081-clwb-Lobby;coverage;254;253;0;1;1;0
257;0081-clwa-1015;coverage;254;253;0;1;1;0
258;0081-clwa-1015hall;coverage;254;253;0;1;1;0
259;0081-clwa-1020;coverage;254;253;0;1;1;0
260;0081-clwa-1025;coverage;254;253;0;1;1;0
261;0081-clwa-1035;coverage;254;253;0;1;1;0
262;0081-clwa-1035hall;coverage;254;253;0;1;1;0
263;0081-clwa-1036;coverage;254;253;0;1;1;0
264;0081-clwa-1045;coverage;254;253;0;1;1;0
266;0082-clwa-courtyard;coverage;265;253;0;1;1;0
267;0082-clwa-lobby;coverage;265;253;0;1;1;0
268;0082-clwa-patio;coverage;265;253;0;1;1;0
269;0082-clwb-courtyard;coverage;265;253;0;1;1;0
270;0082-clwb-lobby;coverage;265;253;0;1;1;0
271;0082-clwb-patio;coverage;265;253;0;1;1;0
272;0082-clwa-2020;coverage;265;253;0;1;1;0
273;0082-clwa-2030;coverage;265;253;0;1;1;0
274;0082-clwa-2040;coverage;265;253;0;1;1;0
275;0082-clwa-2050;coverage;265;253;0;1;1;0
276;0082-clwa-2060;coverage;265;253;0;1;1;0
277;0082-clwa-2060hall;coverage;265;253;0;1;1;0
278;0082-clwa-2070;coverage;265;253;0;1;1;0
279;0082-clwa-2080;coverage;265;253;0;1;1;0
280;0082-clwa-2090;coverage;265;253;0;1;1;0
282;0083-clwa-3000;coverage;281;253;0;1;1;0
283;0083-clwa-3000hall;coverage;281;253;0;1;1;0
284;0083-clwa-3010;coverage;281;253;0;1;1;0
285;0083-clwa-3010hall;coverage;281;253;0;1;1;0
286;0083-clwa-3020;coverage;281;253;0;1;1;0
287;0083-clwa-3030;coverage;281;253;0;1;1;0
288;0083-clwa-3034hall;coverage;281;253;0;1;1;0
289;0083-clwa-3040;coverage;281;253;0;1;1;0
290;0083-clwa-3040hall;coverage;281;253;0;1;1;0
291;0083-clwa-3050;coverage;281;253;0;1;1;0
292;0083-clwa-3060;coverage;281;253;0;1;1;0
293;0083-clwa-3060hall;coverage;281;253;0;1;1;0
294;0083-clwa-3070;coverage;281;253;0;1;1;0
295;0083-clwa-3080;coverage;281;253;0;1;1;0
296;0083-clwa-3080hall;coverage;281;253;0;1;1;0
297;0083-clwa-3083hall;coverage;281;253;0;1;1;0
298;0083-clwa-3100;coverage;281;253;0;1;1;0
299;0083-clwa-3100hall;coverage;281;253;0;1;1;0
301;0084-clwa-4000;coverage;300;253;0;1;1;0
302;0084-clwa-4100;coverage;300;253;0;1;1;0
303;0084-clwa-4100hall;coverage;300;253;0;1;1;0
304;0084-clwb-4100;coverage;300;253;0;1;1;0
305;0084-clwa-4230;coverage;300;253;0;1;1;0
306;0084-clwa-4250;coverage;300;253;0;1;1;0
307;0084-clwa-4280hall;coverage;300;253;0;1;1;0
308;0084-clwa-4300;coverage;300;253;0;1;1;0
309;0084-clwa-4460;coverage;300;253;0;1;1;0
310;0084-clwa-4460hall;coverage;300;253;0;1;1;0
311;0084-clwa-4600;coverage;300;253;0;1;1;0
312;0084-clwa-4620;coverage;300;253;0;1;1;0
313;0084-clwa-4628;coverage;300;253;0;1;1;0
314;0084-clwa-4800;coverage;300;253;0;1;1;0
315;0084-clwb-4800;coverage;300;253;0;1;1;0
316;0084-clwa-4827hall;coverage;300;253;0;1;1;0
318;0085-clwa-elevator;coverage;317;253;0;1;1;0
319;0085-clwa-5000;coverage;317;253;0;1;1;0
320;0085-clwa-5000hall;coverage;317;253;0;1;1;0
321;0085-clwa-5010;coverage;317;253;0;1;1;0
322;0085-clwa-5014;coverage;317;253;0;1;1;0
323;0085-clwa-5200;coverage;317;253;0;1;1;0
324;0085-clwa-5402;coverage;317;253;0;1;1;0
325;0085-clwa-5412hall;coverage;317;253;0;1;1;0
326;0085-clwa-5500hall;coverage;317;253;0;1;1;0
327;0085-clwa-5600;coverage;317;253;0;1;1;0
328;0085-clwa-5610;coverage;317;253;0;1;1;0
329;0085-clwa-5620;coverage;317;253;0;1;1;0
330;0085-clwa-5624hall;coverage;317;253;0;1;1;0
331;0085-clwa-5800;coverage;317;253;0;1;1;0
332;0085-clwb-5800;coverage;317;253;0;1;1;0
333;0085-clwc-5800;coverage;317;253;0;1;1;0
336;0901t-clwa-005;coverage;335;334;0;1;1;0
337;0901t-clwa-007;coverage;335;334;0;1;1;0
338;0901t-clwa-009;coverage;335;334;0;1;1;0
339;0901-clwa-106;coverage;335;334;0;1;1;0
340;0901-clwa-107;coverage;335;334;0;1;1;0
343;092t-clwa-mdf;coverage;342;341;0;1;1;0
345;0921-clwa-126;coverage;344;341;0;1;1;0
346;0921-clwa-201;coverage;344;341;0;1;1;0
349;0951-clwa-028hall;coverage;348;347;0;1;1;0
352;102b-clwa-basement;coverage;351;350;0;1;1;0
353;102b-clwb-basement;coverage;351;350;0;1;1;0
354;102b-clwc-basement;coverage;351;350;0;1;1;0
356;1021-clwa-govinfo;coverage;355;350;0;1;1;0
357;1021-clwa-infodesk;coverage;355;350;0;1;1;0
358;1021-clwa-study;coverage;355;350;0;1;1;0
359;1021-clwb-study;coverage;355;350;0;1;1;0
360;1021-clwa-101a;coverage;355;350;0;1;1;0
362;1022-clwa-holden;coverage;361;350;0;1;1;0
363;1022-clwa-lobby;coverage;361;350;0;1;1;0
364;1022-clwa-study;coverage;361;350;0;1;1;0
365;1022-clwb-study;coverage;361;350;0;1;1;0
366;1022-clwc-study;coverage;361;350;0;1;1;0
367;1022-clwa-208hall;coverage;361;350;0;1;1;0
368;1022-clwa-225;coverage;361;350;0;1;1;0
370;1023-clwa-Archives;coverage;369;350;0;1;1;0
371;1023-clwa-sorting;coverage;369;350;0;1;1;0
372;1023-clwa-study;coverage;369;350;0;1;1;0
373;1023-clwb-sorting;coverage;369;350;0;1;1;0
374;1023-clwa-300;coverage;369;350;0;1;1;0
375;1023-clwa-380;coverage;369;350;0;1;1;0
376;1023-clwa-386hall;coverage;369;350;0;1;1;0
377;1023-clwa-396hall;coverage;369;350;0;1;1;0
379;1024-clwa-sorting;coverage;378;350;0;1;1;0
380;1024-clwa-400;coverage;378;350;0;1;1;0
381;1024-clwb-400;coverage;378;350;0;1;1;0
382;1024-clwc-400;coverage;378;350;0;1;1;0
384;1025-clwa-525;coverage;383;350;0;1;1;0
385;1025-clwa-550hall;coverage;383;350;0;1;1;0
386;1025-clwa-570;coverage;383;350;0;1;1;0
389;1031-clwa-parkroom;coverage;388;387;0;1;1;0
390;1031-clwa-113;coverage;388;387;0;1;1;0
393;111b-clwa-b17;coverage;392;391;0;1;1;0
395;1111-clwa-107;coverage;394;391;0;1;1;0
396;1111-clwa-117;coverage;394;391;0;1;1;0
397;1111-clwa-155;coverage;394;391;0;1;1;0
398;1111-clwa-160;coverage;394;391;0;1;1;0
400;1112-clwa-201;coverage;399;391;0;1;1;0
401;1112-clwa-204;coverage;399;391;0;1;1;0
402;1112-clwa-209;coverage;399;391;0;1;1;0
403;1112-clwa-215;coverage;399;391;0;1;1;0
404;1112-clwa-256k;coverage;399;391;0;1;1;0
405;1112-clwa-256n;coverage;399;391;0;1;1;0
406;1112-clwa-260;coverage;399;391;0;1;1;0
408;1113-clwa-307;coverage;407;391;0;1;1;0
409;1113-clwa-338-private;coverage;407;391;0;1;1;0
410;1113-clwa-338fhall;coverage;407;391;0;1;1;0
411;1113-clwa-345chall;coverage;407;391;0;1;1;0
412;1113-clwa-354;coverage;407;391;0;1;1;0
414;1114-clwa-436;coverage;413;391;0;1;1;0
415;1114-clwa-437f;coverage;413;391;0;1;1;0
417;1115-clwa-502;coverage;416;391;0;1;1;0
418;1115-clwa-509;coverage;416;391;0;1;1;0
419;1115-clwa-512;coverage;416;391;0;1;1;0
420;1115-clwa-560;coverage;416;391;0;1;1;0
422;1116-clwa-611a;coverage;421;391;0;1;1;0
425;113b1-clwa-bookstoredock;coverage;424;423;0;1;1;0
426;113b1-clwa-cbooks;coverage;424;423;0;1;1;0
427;113b2-clwa-bookst;coverage;424;423;0;1;1;0
428;113b1-clwa-b106;coverage;424;423;0;1;1;0
429;113b1-clwa-b109;coverage;424;423;0;1;1;0
430;113b1-clwb-b109;coverage;424;423;0;1;1;0
431;113b1-clwc-b109;coverage;424;423;0;1;1;0
432;113b1-clwd-b109;coverage;424;423;0;1;1;0
433;113b1-clwa-b116;coverage;424;423;0;1;1;0
434;113b2-clwa-b200;coverage;424;423;0;1;1;0
435;113b2-clwa-b203;coverage;424;423;0;1;1;0
436;113b2-clwb-b203;coverage;424;423;0;1;1;0
437;113b2-clwc-b203;coverage;424;423;0;1;1;0
439;113c1-clwa-c105;coverage;438;423;0;1;1;0
440;113c1-clwb-c105;coverage;438;423;0;1;1;0
441;113c1-clwa-c106;coverage;438;423;0;1;1;0
442;113c1-clwa-c107;coverage;438;423;0;1;1;0
443;113c1-clwb-c107;coverage;438;423;0;1;1;0
444;113c1-clwa-c110;coverage;438;423;0;1;1;0
445;113c1-clwa-c114hall;coverage;438;423;0;1;1;0
446;113c1-clwa-c117;coverage;438;423;0;1;1;0
447;113c1-clwa-c133a;coverage;438;423;0;1;1;0
448;113c1-clwa-c138;coverage;438;423;0;1;1;0
449;113c2-clwa-c200;coverage;438;423;0;1;1;0
450;113c2-clwa-c200b;coverage;438;423;0;1;1;0
451;113c2-clwb-c200;coverage;438;423;0;1;1;0
452;113c2-clwc-c200;coverage;438;423;0;1;1;0
453;113c2-clwa-c211;coverage;438;423;0;1;1;0
454;113c2-clwa-c214;coverage;438;423;0;1;1;0
455;113c2-clwa-c215;coverage;438;423;0;1;1;0
456;113c2-clwb-c215;coverage;438;423;0;1;1;0
457;113c2-clwa-c249;coverage;438;423;0;1;1;0
459;113a1-clwa-a103;coverage;458;423;0;1;1;0
460;113a1-clwb-a103;coverage;458;423;0;1;1;0
461;113a1-clwa-a104;coverage;458;423;0;1;1;0
462;113a1-clwb-a104;coverage;458;423;0;1;1;0
463;113a1-clwa-a105;coverage;458;423;0;1;1;0
464;113a1-clwb-a105;coverage;458;423;0;1;1;0
465;113a1-clwa-a106d;coverage;458;423;0;1;1;0
466;113a1-clwa-a106e;coverage;458;423;0;1;1;0
467;113a1-clwa-a123;coverage;458;423;0;1;1;0
468;113a1-clwa-a126;coverage;458;423;0;1;1;0
469;113a1-clwa-a130;coverage;458;423;0;1;1;0
470;113a1-clwb-a130;coverage;458;423;0;1;1;0
471;113a1-clwa-a131;coverage;458;423;0;1;1;0
472;113a1-clwa-a132;coverage;458;423;0;1;1;0
473;113a1-clwb-a132;coverage;458;423;0;1;1;0
474;113a1-clwa-a134a;coverage;458;423;0;1;1;0
475;113a1-clwa-a134b;coverage;458;423;0;1;1;0
476;113a1-clwa-a134c;coverage;458;423;0;1;1;0
477;113a1-clwa-a134d;coverage;458;423;0;1;1;0
478;113a1-clwb-a134a;coverage;458;423;0;1;1;0
479;113a1-clwb-a134b;coverage;458;423;0;1;1;0
480;113a1-clwa-a138hall;coverage;458;423;0;1;1;0
481;113a2-clwa-a219a;coverage;458;423;0;1;1;0
482;113a2-clwb-a219a;coverage;458;423;0;1;1;0
483;113a2-clwa-a220;coverage;458;423;0;1;1;0
484;113a2-clwb-a220;coverage;458;423;0;1;1;0
485;113a2-clwc-a220;coverage;458;423;0;1;1;0
486;113a2-clwd-a220;coverage;458;423;0;1;1;0
487;113a2-clwe-a220;coverage;458;423;0;1;1;0
488;113a2-clwf-a220;coverage;458;423;0;1;1;0
489;113a2-clwa-a228;coverage;458;423;0;1;1;0
490;113a2-clwb-a228;coverage;458;423;0;1;1;0
491;113a2-clwa-a229;coverage;458;423;0;1;1;0
492;113a2-clwb-a229;coverage;458;423;0;1;1;0
493;113a2-clwc-a229;coverage;458;423;0;1;1;0
494;113a2-clwd-a229;coverage;458;423;0;1;1;0
495;113a2-clwe-a229;coverage;458;423;0;1;1;0
496;113a2-clwf-a229;coverage;458;423;0;1;1;0
497;113a2-clwa-a235;coverage;458;423;0;1;1;0
498;113a3-clwa-a307;coverage;458;423;0;1;1;0
499;113a3-clwa-a309;coverage;458;423;0;1;1;0
501;113g1-clwa-g102;coverage;500;423;0;1;1;0
502;113g1-clwa-g118a;coverage;500;423;0;1;1;0
503;113g1-clwa-g118b;coverage;500;423;0;1;1;0
504;113g1-clwa-g118c;coverage;500;423;0;1;1;0
505;113g1-clwa-g118d;coverage;500;423;0;1;1;0
506;113g1-clwb-g118c;coverage;500;423;0;1;1;0
507;113g1-clwb-g118d;coverage;500;423;0;1;1;0
508;113g1-clwc-g118d;coverage;500;423;0;1;1;0
509;113g1-clwd-g118d;coverage;500;423;0;1;1;0
510;113g2-clwa-g203;coverage;500;423;0;1;1;0
511;113g2-clwa-g205;coverage;500;423;0;1;1;0
512;113g2-clwb-g205;coverage;500;423;0;1;1;0
513;113g2-clwc-g205;coverage;500;423;0;1;1;0
514;113g2-clwd-g205;coverage;500;423;0;1;1;0
515;113g2-clwa-g221;coverage;500;423;0;1;1;0
516;113g2-clwa-g234;coverage;500;423;0;1;1;0
517;113g2-clwa-g242;coverage;500;423;0;1;1;0
518;113g2-clwa-g244;coverage;500;423;0;1;1;0
519;113g3-clwa-g302;coverage;500;423;0;1;1;0
520;113g3-clwa-g306g;coverage;500;423;0;1;1;0
521;113g3-clwa-g308;coverage;500;423;0;1;1;0
522;113g3-clwa-g308Nhall;coverage;500;423;0;1;1;0
523;113g3-clwa-g318;coverage;500;423;0;1;1;0
524;113g3-clwa-g319;coverage;500;423;0;1;1;0
525;113g4-clwa-g413;coverage;500;423;0;1;1;0
526;113g4-clwa-g413hall;coverage;500;423;0;1;1;0
527;113g4-clwa-g458;coverage;500;423;0;1;1;0
528;113g4-clwa-g474;coverage;500;423;0;1;1;0
529;113g4-clwa-g480;coverage;500;423;0;1;1;0
532;2001-clwa-100;coverage;531;530;0;1;1;0
533;2001-clwb-100;coverage;531;530;0;1;1;0
534;2001-clwc-100;coverage;531;530;0;1;1;0
535;2001-clwd-100;coverage;531;530;0;1;1;0
536;2001-clwe-100;coverage;531;530;0;1;1;0
537;2001-clwf-100;coverage;531;530;0;1;1;0
540;2011-clwa-plaza;coverage;539;538;0;1;1;0
541;2011-clwa-107;coverage;539;538;0;1;1;0
542;2011-clwa-120;coverage;539;538;0;1;1;0
543;2011-clwa-122;coverage;539;538;0;1;1;0
544;2011-clwa-155a;coverage;539;538;0;1;1;0
546;2012-clwa-220A;coverage;545;538;0;1;1;0
547;2012-clwa-220B;coverage;545;538;0;1;1;0
548;2012-clwb-220A;coverage;545;538;0;1;1;0
549;2012-clwb-220B;coverage;545;538;0;1;1;0
550;2012-clwa-228;coverage;545;538;0;1;1;0
551;2012-clwa-238;coverage;545;538;0;1;1;0
553;2013-clwa-elev-hallway;coverage;552;538;0;1;1;0
554;2013-clwa-308;coverage;552;538;0;1;1;0
555;2013-clwa-340;coverage;552;538;0;1;1;0
557;2014-clwa-elev-hallway;coverage;556;538;0;1;1;0
558;2014-clwa-408;coverage;556;538;0;1;1;0
559;2014-clwa-442;coverage;556;538;0;1;1;0
561;2015-clwa-elev-hallway;coverage;560;538;0;1;1;0
562;2015-clwa-506;coverage;560;538;0;1;1;0
563;2015-clwa-558;coverage;560;538;0;1;1;0
564;2015-clwa-569hall;coverage;560;538;0;1;1;0
566;2016-clwa-elev-hallway;coverage;565;538;0;1;1;0
567;2016-clwa-610;coverage;565;538;0;1;1;0
568;2016-clwa-640;coverage;565;538;0;1;1;0
570;2017-clwa-elev-hallway;coverage;569;538;0;1;1;0
571;2017-clwa-706;coverage;569;538;0;1;1;0
572;2017-clwa-762;coverage;569;538;0;1;1;0
575;2021-clwa-105;coverage;574;573;0;1;1;0
576;2021-clwa-117;coverage;574;573;0;1;1;0
577;2021-clwa-119;coverage;574;573;0;1;1;0
578;2021-clwa-122;coverage;574;573;0;1;1;0
579;2021-clwa-129;coverage;574;573;0;1;1;0
580;2021-clwa-140;coverage;574;573;0;1;1;0
581;2021-clwa-145;coverage;574;573;0;1;1;0
582;2021-clwa-152;coverage;574;573;0;1;1;0
583;2021-clwa-155;coverage;574;573;0;1;1;0
584;2021-clwa-159;coverage;574;573;0;1;1;0
585;2021-clwa-162;coverage;574;573;0;1;1;0
586;2021-clwa-168;coverage;574;573;0;1;1;0
587;2021-clwa-171;coverage;574;573;0;1;1;0
589;2022-clwa-206;coverage;588;573;0;1;1;0
590;2022-clwa-228;coverage;588;573;0;1;1;0
591;2022-clwb-228;coverage;588;573;0;1;1;0
592;2022-clwa-248;coverage;588;573;0;1;1;0
593;2022-clwb-248;coverage;588;573;0;1;1;0
594;2022-clwa-270;coverage;588;573;0;1;1;0
595;2022-clwb-270;coverage;588;573;0;1;1;0
596;2022-clwa-290;coverage;588;573;0;1;1;0
597;2022-clwb-290;coverage;588;573;0;1;1;0
599;2024-clwa-436;coverage;598;573;0;1;1;0
602;2031-clwa-100;coverage;601;600;0;1;1;0
603;2031-clwa-101;coverage;601;600;0;1;1;0
604;2031-clwa-102;coverage;601;600;0;1;1;0
605;2031-clwa-103;coverage;601;600;0;1;1;0
608;2101-clwa-lobby;coverage;607;606;0;1;1;0
609;2101-clwa-101;coverage;607;606;0;1;1;0
610;2101-clwb-101;coverage;607;606;0;1;1;0
611;2101-clwa-112-hall;coverage;607;606;0;1;1;0
612;2101-clwa-126;coverage;607;606;0;1;1;0
613;2101-clwa-143;coverage;607;606;0;1;1;0
614;2101-clwa-160;coverage;607;606;0;1;1;0
616;2102-clwa-206f-hall;coverage;615;606;0;1;1;0
617;2102-clwa-226j-hall;coverage;615;606;0;1;1;0
618;2102-clwa-256-hall;coverage;615;606;0;1;1;0
619;2102-clwa-272-hall;coverage;615;606;0;1;1;0
621;2103-clwa-303-hall;coverage;620;606;0;1;1;0
622;2103-clwa-310;coverage;620;606;0;1;1;0
623;2103-clwa-315;coverage;620;606;0;1;1;0
624;2103-clwa-340;coverage;620;606;0;1;1;0
625;2103-clwa-353-hall;coverage;620;606;0;1;1;0
626;2103-clwa-366-hall;coverage;620;606;0;1;1;0
629;2121-clwa-100;coverage;628;627;0;1;1;0
630;2121-clwb-100;coverage;628;627;0;1;1;0
631;2121-clwc-100;coverage;628;627;0;1;1;0
632;2121-clwd-100;coverage;628;627;0;1;1;0
633;2121-clwe-100;coverage;628;627;0;1;1;0
634;2121-clwf-100;coverage;628;627;0;1;1;0
635;2121-clwg-100;coverage;628;627;0;1;1;0
636;2121-clwh-100;coverage;628;627;0;1;1;0
639;2192-clwa-218;coverage;638;637;0;1;1;0
642;2211-clwa-courtyard;coverage;641;640;0;1;1;0
643;2211-clwb-courtyard;coverage;641;640;0;1;1;0
644;2211-clwa-112;coverage;641;640;0;1;1;0
645;2211-clwa-116;coverage;641;640;0;1;1;0
646;2211-clwa-117;coverage;641;640;0;1;1;0
647;2211-clwa-121;coverage;641;640;0;1;1;0
648;2211-clwa-122;coverage;641;640;0;1;1;0
650;2212-clwa-215;coverage;649;640;0;1;1;0
651;2212-clwa-223;coverage;649;640;0;1;1;0
652;2212-clwa-232;coverage;649;640;0;1;1;0
654;2213-clwa-318;coverage;653;640;0;1;1;0
655;2213-clwa-350;coverage;653;640;0;1;1;0
657;2214-clwa-410;coverage;656;640;0;1;1;0
658;2214-clwa-414;coverage;656;640;0;1;1;0
659;2214-clwa-416;coverage;656;640;0;1;1;0
662;2301-clwa-108;coverage;661;660;0;1;1;0
664;2302-clwa-204;coverage;663;660;0;1;1;0
667;2311-clwa-102;coverage;666;665;0;1;1;0
669;2312-clwa-201;coverage;668;665;0;1;1;0
672;2321-clwa-109;coverage;671;670;0;1;1;0
673;2321-clwa-111;coverage;671;670;0;1;1;0
674;2321-clwa-112mdf;coverage;671;670;0;1;1;0
677;2341-clwa-100;coverage;676;675;0;1;1;0
678;2341-clwa-114;coverage;676;675;0;1;1;0
681;2361-clwa-163;coverage;680;679;0;1;1;0
682;2361-clwa-167;coverage;680;679;0;1;1;0
683;2361-clwa-171;coverage;680;679;0;1;1;0
684;2361-clwa-172;coverage;680;679;0;1;1;0
685;2361-clwa-175;coverage;680;679;0;1;1;0
688;3021-clwa-mdf;coverage;687;686;0;1;1;0
689;3021-clwa-171;coverage;687;686;0;1;1;0
690;3021-clwa-174;coverage;687;686;0;1;1;0
691;3021-clwb-174;coverage;687;686;0;1;1;0
692;3021-clwc-174;coverage;687;686;0;1;1;0
693;3021-clwa-180;coverage;687;686;0;1;1;0
694;3021-clwa-183;coverage;687;686;0;1;1;0
695;3021-clwa-189;coverage;687;686;0;1;1;0
696;3021-clwa-192;coverage;687;686;0;1;1;0
697;3021-clwa-193;coverage;687;686;0;1;1;0
699;3022-clwa-plaza;coverage;698;686;0;1;1;0
700;3022-clwa-209;coverage;698;686;0;1;1;0
701;3022-clwa-213;coverage;698;686;0;1;1;0
702;3022-clwa-219;coverage;698;686;0;1;1;0
703;3022-clwa-243;coverage;698;686;0;1;1;0
704;3022-clwa-249;coverage;698;686;0;1;1;0
705;3022-clwa-253;coverage;698;686;0;1;1;0
706;3022-clwa-259;coverage;698;686;0;1;1;0
708;3023-clwa-346;coverage;707;686;0;1;1;0
709;3023-clwa-360;coverage;707;686;0;1;1;0
710;3023-clwa-364;coverage;707;686;0;1;1;0
711;3023-clwb-364;coverage;707;686;0;1;1;0
713;3024-clwa-408;coverage;712;686;0;1;1;0
714;3024-clwa-424;coverage;712;686;0;1;1;0
715;3024-clwa-432;coverage;712;686;0;1;1;0
716;3024-clwa-458;coverage;712;686;0;1;1;0
721;3031-clwa-breezeway;coverage;720;717;0;1;1;0
722;3031-clwa-mdf;coverage;720;717;0;1;1;0
723;3031-clwb-breezeway;coverage;720;717;0;1;1;0
724;3031-clwa-115hall;coverage;720;717;0;1;1;0
725;3031-clwa-152hall;coverage;720;717;0;1;1;0
728;3032-clwa-201;coverage;726;717;198.6187455404987;383.25111449781576;480.7682119017162;101.10164813659827
729;3032-clwa-202;coverage;726;717;203.03976485199018;433.60394331590874;447.13028137981246;189.51342678808646
730;3032-clwa-203;coverage;726;717;144.92729775369068;442.2175562697431;366.4615203449298;220.683333678504
731;3032-clwa-204;coverage;726;717;142.49302694812667;356.1217808461677;369.5291217462814;129.08568604801297
734;3033-clwa-305;coverage;732;717;232.75315601685236;304.5222270425627;463.33576151011005;73.93962154930502
735;3033-clwa-325;coverage;732;717;235.02134607055189;424.03931260987605;462.06524494810446;196.99541373232347
736;3033-clwa-331;coverage;732;717;97.94406142641454;440.3654197116422;349.38493117365243;188.92454996440426
737;3033-clwa-355;coverage;732;717;95.77227648425733;318.1727637226953;353.9424584002792;60.002581806673476
741;3034-clwa-408b;coverage;738;717;55.35202214602492;309.36879656714666;424.70948147543737;-59.98866276226579
742;3034-clwa-416hall;coverage;738;717;220.24673301005282;405.266332505224;480.5269195518679;144.98614596340894
743;3034-clwa-444hall;coverage;738;717;-4.040720663589468;402.16817573545524;256.74466283082916;141.3827922410366
747;3035-clwa-502hall;coverage;744;717;233.0163187541306;249.7606156163492;394.22046058216745;88.55647378831239
748;3035-clwa-529hall;coverage;744;717;166.6866332677202;462.4076659168909;459.80403068967775;169.29026849493334
752;3036-clwa-609hall;coverage;749;717;273.1162505618221;299.249636726056;469.8200945169191;102.54579277095897
753;3036-clwa-621hall;coverage;749;717;278.33907311139797;408.1735060633313;464.3370185998331;222.17556057489614
754;3036-clwa-637hall;coverage;749;717;119.44992847814156;421.86659808869075;301.8961218606374;239.42040470619492
755;3036-clwa-649hall;coverage;749;717;151.91025581658468;243.5974650330222;267.570558972745;127.9371618768619
756;3036-clwa-652;coverage;749;717;183.90167005218765;238.04871972366075;360.79191826255624;61.15847151329214
760;3037-clwa-702hall;coverage;757;717;115.45634819732771;376.03982551721595;499.62117432966187;-8.12500061511821
761;3037-clwa-729hall;coverage;757;717;188.24840639838482;495.0708742139989;420.7823361126403;262.5369444997434
765;3038-clwa-816hall;coverage;762;717;283.2301570292456;371.9994458218917;480.9350000329628;174.2946028181745
766;3038-clwa-844hall;coverage;762;717;77.02034229183658;411.18282761366765;360.7309725881152;127.47219731738903
769;3039-clwa-902hall;coverage;767;717;148.53120774084138;307.2410590089079;432.85953125067135;22.91273549907791
770;3039-clwa-929hall;coverage;767;717;153.7115915282193;464.00480468625716;436.45004889401696;181.2663473204595
773;3041-clwa-100;coverage;772;771;0;1;1;0
774;3041-clwa-136;coverage;772;771;0;1;1;0
775;3041-clwa-162;coverage;772;771;0;1;1;0
777;3042-clwa-221hall;coverage;776;771;0;1;1;0
778;3042-clwa-258hall;coverage;776;771;0;1;1;0
781;3051-clwa-100;coverage;780;779;0;1;1;0
782;3051-clwb-100;coverage;780;779;0;1;1;0
783;3051-clwc-100;coverage;780;779;0;1;1;0
784;3051-clwd-100;coverage;780;779;0;1;1;0
785;3051-clwe-100;coverage;780;779;0;1;1;0
786;3051-clwf-100;coverage;780;779;0;1;1;0
787;3051-clwa-110;coverage;780;779;0;1;1;0
788;3051-clwb-110;coverage;780;779;0;1;1;0
791;3111-clwa-auditorium;coverage;790;789;0;1;1;0
792;3111-clwa-114;coverage;790;789;0;1;1;0
794;3113-clwa-305d;coverage;793;789;0;1;1;0
797;3131a-clwa-100;coverage;796;795;0;1;1;0
798;3131b-clwa-100hall;coverage;796;795;0;1;1;0
799;3131a-clwa-120;coverage;796;795;0;1;1;0
802;3151-clwa-102;coverage;801;800;0;1;1;0
803;3151-clwa-103;coverage;801;800;0;1;1;0
806;3171-clwa-101b;coverage;805;804;0;1;1;0
807;3171-clwa-120a;coverage;805;804;0;1;1;0
810;3231-clwa-108;coverage;809;808;0;1;1;0
811;3231-clwa-117hallway;coverage;809;808;0;1;1;0
812;3231-clwa-141;coverage;809;808;0;1;1;0
814;3232-clwa-208;coverage;813;808;0;1;1;0
817;400b-clwa-b35;coverage;816;815;0;1;1;0
818;400b-clwa-b61;coverage;816;815;0;1;1;0
819;400b-clwa-b68;coverage;816;815;0;1;1;0
820;400b-clwa-b68a;coverage;816;815;0;1;1;0
821;400b-clwb-b68;coverage;816;815;0;1;1;0
823;4001-clwa-101;coverage;822;815;0;1;1;0
824;4001-clwb-101;coverage;822;815;0;1;1;0
825;4001-clwc-101;coverage;822;815;0;1;1;0
826;4001-clwd-101;coverage;822;815;0;1;1;0
827;4001-clwa-104;coverage;822;815;0;1;1;0
828;4001-clwb-104;coverage;822;815;0;1;1;0
829;4001-clwc-104;coverage;822;815;0;1;1;0
830;4001-clwd-104;coverage;822;815;0;1;1;0
831;4001-clwa-108;coverage;822;815;0;1;1;0
832;4001-clwa-114;coverage;822;815;0;1;1;0
833;4001-clwa-127;coverage;822;815;0;1;1;0
834;4001-clwa-hwy152;coverage;822;815;0;1;1;0
835;4001-clwa-164;coverage;822;815;0;1;1;0
836;4001-clwa-184;coverage;822;815;0;1;1;0
837;4001-clwa-188;coverage;822;815;0;1;1;0
838;4001-clwa-190;coverage;822;815;0;1;1;0
839;4001-clwa-192;coverage;822;815;0;1;1;0
841;4002-clwa-hwy210;coverage;840;815;0;1;1;0
842;4002-clwa-211;coverage;840;815;0;1;1;0
843;4002-clwa-237;coverage;840;815;0;1;1;0
844;4002-clwa-hwy240;coverage;840;815;0;1;1;0
845;4002-clwa-251;coverage;840;815;0;1;1;0
846;4002-clwa-261;coverage;840;815;0;1;1;0
847;4002-clwa-270;coverage;840;815;0;1;1;0
848;4002-clwa-293;coverage;840;815;0;1;1;0
850;4003-clwa-307;coverage;849;815;0;1;1;0
851;4003-clwa-hwy310;coverage;849;815;0;1;1;0
852;4003-clwa-334hall;coverage;849;815;0;1;1;0
853;4003-clwa-hwy340;coverage;849;815;0;1;1;0
854;4003-clwa-345;coverage;849;815;0;1;1;0
855;4003-clwa-361;coverage;849;815;0;1;1;0
856;4003-clwa-380;coverage;849;815;0;1;1;0
857;4003-clwa-385;coverage;849;815;0;1;1;0
859;4004-clwa-hwy410;coverage;858;815;0;1;1;0
860;4004-clwa-411;coverage;858;815;0;1;1;0
861;4004-clwa-hwy440;coverage;858;815;0;1;1;0
862;4004-clwa-441;coverage;858;815;0;1;1;0
863;4004-clwa-453;coverage;858;815;0;1;1;0
864;4004-clwa-463;coverage;858;815;0;1;1;0
865;4004-clwa-481;coverage;858;815;0;1;1;0
866;4004-clwa-491;coverage;858;815;0;1;1;0
868;4005-clwa-hwy510;coverage;867;815;0;1;1;0
869;4005-clwa-513;coverage;867;815;0;1;1;0
870;4005-clwa-539;coverage;867;815;0;1;1;0
871;4005-clwa-hwy540;coverage;867;815;0;1;1;0
872;4005-clwa-553;coverage;867;815;0;1;1;0
873;4005-clwa-563;coverage;867;815;0;1;1;0
874;4005-clwa-581;coverage;867;815;0;1;1;0
875;4005-clwa-591;coverage;867;815;0;1;1;0
878;4111-clwa-100;coverage;877;876;0;1;1;0
879;4111-clwb-100;coverage;877;876;0;1;1;0
880;4111-clwc-100;coverage;877;876;0;1;1;0
881;4111-clwd-100;coverage;877;876;0;1;1;0
882;4111-clwe-100;coverage;877;876;0;1;1;0
883;4111-clwf-100;coverage;877;876;0;1;1;0
884;4111-clwg-100;coverage;877;876;0;1;1;0
885;4111-clwh-100;coverage;877;876;0;1;1;0
886;4111-clwI-100;coverage;877;876;0;1;1;0
887;4111-clwJ-100;coverage;877;876;0;1;1;0
890;4131-clwa-120;coverage;889;888;0;1;1;0
891;4131-clwb-120;coverage;889;888;0;1;1;0
892;4131-clwa-140;coverage;889;888;0;1;1;0
893;4131-clwb-140;coverage;889;888;0;1;1;0
895;4132-clwa-210;coverage;894;888;0;1;1;0
896;4132-clwa-220;coverage;894;888;0;1;1;0
897;4132-clwa-230;coverage;894;888;0;1;1;0
898;4132-clwa-240;coverage;894;888;0;1;1;0
901;4151-clwa-106;coverage;900;899;0;1;1;0
902;4151-clwa-110;coverage;900;899;0;1;1;0
903;4151-clwb-110;coverage;900;899;0;1;1;0
904;4151-clwa-114;coverage;900;899;0;1;1;0
905;4151-clwa-118;coverage;900;899;0;1;1;0
906;4151-clwb-118;coverage;900;899;0;1;1;0
907;4151-clwa-120;coverage;900;899;0;1;1;0
908;4151-clwb-120;coverage;900;899;0;1;1;0
909;4151-clwa-122;coverage;900;899;0;1;1;0
910;4151-clwb-122;coverage;900;899;0;1;1;0
911;4151-clwa-124;coverage;900;899;0;1;1;0
912;4151-clwb-124;coverage;900;899;0;1;1;0
914;4152-clwa-210;coverage;913;899;0;1;1;0
915;4152-clwa-220;coverage;913;899;0;1;1;0
916;4152-clwa-222;coverage;913;899;0;1;1;0
917;4152-clwa-226;coverage;913;899;0;1;1;0
918;4152-clwa-235hall;coverage;913;899;0;1;1;0
919;4152-clwa-246;coverage;913;899;0;1;1;0
920;4152-clwa-252;coverage;913;899;0;1;1;0
921;4152-clwa-256;coverage;913;899;0;1;1;0
922;4152-clwa-263hall;coverage;913;899;0;1;1;0
923;4152-clwa-281hall;coverage;913;899;0;1;1;0
926;4231-clwa-126;coverage;925;924;0;1;1;0
927;4231-clwa-132;coverage;925;924;0;1;1;0
928;4231-clwa-172hall;coverage;925;924;0;1;1;0
929;4231-clwa-178;coverage;925;924;0;1;1;0
932;4501-clwa-100;coverage;931;930;0;1;1;0
933;4501-clwa-101;coverage;931;930;0;1;1;0
934;4501-clwa-109;coverage;931;930;0;1;1;0
935;4501-clwa-110;coverage;931;930;0;1;1;0
936;4501-clwb-110;coverage;931;930;0;1;1;0
938;4502-clwa-200;coverage;937;930;0;1;1;0
939;4502-clwa-201;coverage;937;930;0;1;1;0
940;4502-clwa-218;coverage;937;930;0;1;1;0
943;5011-clwa-100;coverage;942;941;0;1;1;0
944;5011-clwb-100;coverage;942;941;0;1;1;0
945;5011-clwc-100;coverage;942;941;0;1;1;0
946;5011-clwd-100;coverage;942;941;0;1;1;0
947;5011-clwe-100;coverage;942;941;0;1;1;0
948;5011-clwf-100;coverage;942;941;0;1;1;0
949;5011-clwg-100;coverage;942;941;0;1;1;0
950;5011-clwH-100;coverage;942;941;0;1;1;0
951;5011-clwI-100;coverage;942;941;0;1;1;0
952;5011-clwj-100;coverage;942;941;0;1;1;0
955;502b-clwa-b62b;coverage;954;953;0;1;1;0
957;5021-clwa-128;coverage;956;953;0;1;1;0
958;5021-clwb-128;coverage;956;953;0;1;1;0
959;5021-clwa-134;coverage;956;953;0;1;1;0
960;5021-clwb-134;coverage;956;953;0;1;1;0
961;5021-clwa-140;coverage;956;953;0;1;1;0
962;5021-clwa-149;coverage;956;953;0;1;1;0
963;5021-clwa-156;coverage;956;953;0;1;1;0
964;5021-clwa-166;coverage;956;953;0;1;1;0
965;5021-clwa-169;coverage;956;953;0;1;1;0
966;5021-clwa-174;coverage;956;953;0;1;1;0
967;5021-clwb-174;coverage;956;953;0;1;1;0
969;5022-clwa-226;coverage;968;953;0;1;1;0
970;5022-clwa-230;coverage;968;953;0;1;1;0
971;5022-clwa-236;coverage;968;953;0;1;1;0
972;5022-clwa-237;coverage;968;953;0;1;1;0
973;5022-clwa-240;coverage;968;953;0;1;1;0
974;5022-clwa-267;coverage;968;953;0;1;1;0
975;5022-clwa-272;coverage;968;953;0;1;1;0
976;5022-clwa-279;coverage;968;953;0;1;1;0
977;5022-clwa-282;coverage;968;953;0;1;1;0
978;5022-clwa-288;coverage;968;953;0;1;1;0
980;5023-clwa-346;coverage;979;953;0;1;1;0
981;5023-clwa-398;coverage;979;953;0;1;1;0
983;5024-clwa-426;coverage;982;953;0;1;1;0
984;5024-clwa-474;coverage;982;953;0;1;1;0
986;5025-clwa-520;coverage;985;953;0;1;1;0
987;5025-clwa-560;coverage;985;953;0;1;1;0
990;5062-clwa-atrium;coverage;989;988;0;1;1;0
992;5063-clwa-conference;coverage;991;988;0;1;1;0
994;5061-clwa-111;coverage;993;988;0;1;1;0
997;5121-clwa-lobby;coverage;996;995;0;1;1;0
998;5121-clwa-106;coverage;996;995;0;1;1;0
999;5121-clwa-121;coverage;996;995;0;1;1;0
1000;5121-clwa-202;coverage;996;995;0;1;1;0
1001;5121-clwa-214a;coverage;996;995;0;1;1;0
1002;5121-clwa-300;coverage;996;995;0;1;1;0
1005;5151-clwa-hallway;coverage;1004;1003;0;1;1;0
1006;5151-clwa-147;coverage;1004;1003;0;1;1;0
1009;5351-clwa-110;coverage;1008;1007;0;1;1;0
1010;5351-clwa-114;coverage;1008;1007;0;1;1;0
1011;5351-clwa-121;coverage;1008;1007;0;1;1;0
1012;5351-clwa-135;coverage;1008;1007;0;1;1;0
1015;0592-clwa-3125;coverage;1014;1013;0;1;1;0
1018;6001-clwa-100b;coverage;1017;1016;0;1;1;0
1019;6001-clwa-126;coverage;1017;1016;0;1;1;0
1020;6001-clwa-129hall;coverage;1017;1016;0;1;1;0
1021;6001-clwa-159hall;coverage;1017;1016;0;1;1;0
1022;6001-clwa-173;coverage;1017;1016;0;1;1;0
1024;6002-clwa-200;coverage;1023;1016;0;1;1;0
1025;6002-clwa-229hall;coverage;1023;1016;0;1;1;0
1026;6002-clwa-230;coverage;1023;1016;0;1;1;0
1027;6002-clwa-259hall;coverage;1023;1016;0;1;1;0
1028;6002-clwa-274;coverage;1023;1016;0;1;1;0
1030;6003-clwa-300;coverage;1029;1016;0;1;1;0
1031;6003-clwa-329hall;coverage;1029;1016;0;1;1;0
1032;6003-clwa-334;coverage;1029;1016;0;1;1;0
1033;6003-clwa-359hall;coverage;1029;1016;0;1;1;0
1034;6003-clwa-373;coverage;1029;1016;0;1;1;0
1036;6004-clwa-ste400;coverage;1035;1016;0;1;1;0
1037;6004-clwa-429hall;coverage;1035;1016;0;1;1;0
1038;6004-clwa-430;coverage;1035;1016;0;1;1;0
1039;6004-clwa-459hall;coverage;1035;1016;0;1;1;0
1040;6004-clwa-474;coverage;1035;1016;0;1;1;0
1042;6005-clwa-500e;coverage;1041;1016;0;1;1;0
1043;6005-clwa-528;coverage;1041;1016;0;1;1;0
1044;6005-clwa-553;coverage;1041;1016;0;1;1;0
1047;6011-clwa-courtyard;coverage;1046;1045;0;1;1;0
1048;6011-clwb-courtyard;coverage;1046;1045;0;1;1;0
1049;6011-clwa-100;coverage;1046;1045;0;1;1;0
1050;6011-clwa-105;coverage;1046;1045;0;1;1;0
1051;6011-clwa-108;coverage;1046;1045;0;1;1;0
1052;6011-clwa-112;coverage;1046;1045;0;1;1;0
1053;6011-clwa-118;coverage;1046;1045;0;1;1;0
1054;6011-clwa-142;coverage;1046;1045;0;1;1;0
1055;6011-clwa-143;coverage;1046;1045;0;1;1;0
1056;6011-clwa-156;coverage;1046;1045;0;1;1;0
1057;6011-clwa-161a;coverage;1046;1045;0;1;1;0
1058;6011-clwa-178;coverage;1046;1045;0;1;1;0
1059;6011-clwb-178;coverage;1046;1045;0;1;1;0
1060;6011-clwc-178;coverage;1046;1045;0;1;1;0
1061;6011-clwd-178;coverage;1046;1045;0;1;1;0
1063;6012-clwa-207a;coverage;1062;1045;0;1;1;0
1064;6012-clwa-210;coverage;1062;1045;0;1;1;0
1065;6012-clwa-220;coverage;1062;1045;0;1;1;0
1066;6012-clwa-226;coverage;1062;1045;0;1;1;0
1067;6012-clwa-231;coverage;1062;1045;0;1;1;0
1068;6012-clwa-232;coverage;1062;1045;0;1;1;0
1069;6012-clwa-242;coverage;1062;1045;0;1;1;0
1070;6012-clwa-251;coverage;1062;1045;0;1;1;0
1071;6012-clwa-254;coverage;1062;1045;0;1;1;0
1072;6012-clwa-262;coverage;1062;1045;0;1;1;0
1073;6012-clwb-262;coverage;1062;1045;0;1;1;0
1075;6013-clwa-303;coverage;1074;1045;0;1;1;0
1076;6013-clwa-340;coverage;1074;1045;0;1;1;0
1079;610b-clwa-056hall;coverage;1078;1077;0;1;1;0
1080;610b-clwa-075hall;coverage;1078;1077;0;1;1;0
1081;610b-clwa-085;coverage;1078;1077;0;1;1;0
1083;6101-clwa-100;coverage;1082;1077;0;1;1;0
1084;6101-clwb-100;coverage;1082;1077;0;1;1;0
1085;6101-clwc-100;coverage;1082;1077;0;1;1;0
1086;6101-clwd-100;coverage;1082;1077;0;1;1;0
1087;6101-clwe-100;coverage;1082;1077;0;1;1;0
1088;6101-clwf-100;coverage;1082;1077;0;1;1;0
1089;6101-clwg-100;coverage;1082;1077;0;1;1;0
1090;6101-clwh-100;coverage;1082;1077;0;1;1;0
1091;6101-clwa-110;coverage;1082;1077;0;1;1;0
1092;6101-clwb-110;coverage;1082;1077;0;1;1;0
1093;6101-clwa-135b;coverage;1082;1077;0;1;1;0
1094;6101-clwa-153;coverage;1082;1077;0;1;1;0
1095;6101-clwa-169;coverage;1082;1077;0;1;1;0
1096;6101-clwa-185;coverage;1082;1077;0;1;1;0
1098;6102-clwa-207hall;coverage;1097;1077;0;1;1;0
1099;6102-clwa-216hall;coverage;1097;1077;0;1;1;0
1100;6102-clwa-235;coverage;1097;1077;0;1;1;0
1101;6102-clwa-243;coverage;1097;1077;0;1;1;0
1102;6102-clwa-249hall;coverage;1097;1077;0;1;1;0
1103;6102-clwa-273;coverage;1097;1077;0;1;1;0
1105;6103-clwa-307hall;coverage;1104;1077;0;1;1;0
1106;6103-clwa-315hall;coverage;1104;1077;0;1;1;0
1107;6103-clwa-335;coverage;1104;1077;0;1;1;0
1108;6103-clwa-341;coverage;1104;1077;0;1;1;0
1109;6103-clwa-343;coverage;1104;1077;0;1;1;0
1110;6103-clwa-351hall;coverage;1104;1077;0;1;1;0
1111;6103-clwa-373hall;coverage;1104;1077;0;1;1;0
1113;6104-clwa-407hall;coverage;1112;1077;0;1;1;0
1114;6104-clwa-411hall;coverage;1112;1077;0;1;1;0
1115;6104-clwa-435;coverage;1112;1077;0;1;1;0
1116;6104-clwa-443;coverage;1112;1077;0;1;1;0
1117;6104-clwa-451hall;coverage;1112;1077;0;1;1;0
1118;6104-clwa-473hall;coverage;1112;1077;0;1;1;0
1121;6251-clwa-104hall;coverage;1120;1119;0;1;1;0
1122;6251-clwa-109hall;coverage;1120;1119;0;1;1;0
1123;6251-clwa-128;coverage;1120;1119;0;1;1;0
1124;6251-clwa-129;coverage;1120;1119;0;1;1;0
1125;6251-clwa-130;coverage;1120;1119;0;1;1;0
1126;6251-clwa-131;coverage;1120;1119;0;1;1;0
1128;6252-clwa-204hall;coverage;1127;1119;0;1;1;0
1129;6252-clwa-209hall;coverage;1127;1119;0;1;1;0
1130;6252-clwa-233;coverage;1127;1119;0;1;1;0
1133;6801-clwa-buslot;coverage;1132;1131;0;1;1;0
1134;6801-clwa-fitnesslab;coverage;1132;1131;0;1;1;0
1135;6801-clwa-juicebar;coverage;1132;1131;0;1;1;0
1136;6801-clwa-mdf;coverage;1132;1131;0;1;1;0
1137;6801-clwa-pool;coverage;1132;1131;0;1;1;0
1138;6801-clwa-wellnesslab;coverage;1132;1131;0;1;1;0
1139;6801-clwb-buslot;coverage;1132;1131;0;1;1;0
1140;6801-clwb-fitnesslab;coverage;1132;1131;0;1;1;0
1141;6801-clwb-wellnesslab;coverage;1132;1131;0;1;1;0
1142;6801-clwc-buslot;coverage;1132;1131;0;1;1;0
1143;6801-clwc-fitnesslab;coverage;1132;1131;0;1;1;0
1144;6801-clwc-wellnesslab;coverage;1132;1131;0;1;1;0
1145;6801-clwd-buslot;coverage;1132;1131;0;1;1;0
1147;6802-clwa-admin;coverage;1146;1131;0;1;1;0
1148;6802-clwa-backcourtgym;coverage;1146;1131;0;1;1;0
1149;6802-clwa-cardiohall;coverage;1146;1131;0;1;1;0
1150;6802-clwa-restroomhall;coverage;1146;1131;0;1;1;0
1151;6802-clwa-262;coverage;1146;1131;0;1;1;0
1152;6802-clwa-279;coverage;1146;1131;0;1;1;0
1153;6802-clwa-284;coverage;1146;1131;0;1;1;0
1156;7131-clwa-cohen-theater;coverage;1155;1154;0;1;1;0
1157;7131-clwa-paciolan;coverage;1155;1154;0;1;1;0
1158;7131-clwb-cohen-theater;coverage;1155;1154;0;1;1;0
1159;7131-clwa-120;coverage;1155;1154;0;1;1;0
1160;7131-clwa-128;coverage;1155;1154;0;1;1;0
1163;7141-clwa-190;coverage;1162;1161;0;1;1;0
1164;7141-clwa-190a;coverage;1162;1161;0;1;1;0
1166;7142-clwa-290;coverage;1165;1161;0;1;1;0
1169;7151-clwa-143;coverage;1168;1167;0;1;1;0
1171;7152-clwa-246;coverage;1170;1167;0;1;1;0
1172;7152-clwa-249;coverage;1170;1167;0;1;1;0
1173;7152-clwa-249a;coverage;1170;1167;0;1;1;0
1176;7221-clwa-160;coverage;1175;1174;0;1;1;0
1179;7231-clwa-M04;coverage;1178;1177;0;1;1;0
1180;7231-clwa-132;coverage;1178;1177;0;1;1;0
1183;7251-clwa-101;coverage;1182;1181;0;1;1;0
1184;7251-clwa-104;coverage;1182;1181;0;1;1;0
1186;7252-clwa-201;coverage;1185;1181;0;1;1;0
1187;7252-clwa-209;coverage;1185;1181;0;1;1;0
1190;7261-clwa-116;coverage;1189;1188;0;1;1;0
1192;7262-clwa-216;coverage;1191;1188;0;1;1;0
1193;7262-clwa-218;coverage;1191;1188;0;1;1;0
1195;7263-clwa-316;coverage;1194;1188;0;1;1;0
1198;8021-clwa-106;coverage;1197;1196;0;1;1;0
1199;8021-clwa-120ghall;coverage;1197;1196;0;1;1;0
1201;8022-clwa-252b;coverage;1200;1196;0;1;1;0
1202;8022-clwa-282hall;coverage;1200;1196;0;1;1;0
1203;8022-clwa-299e;coverage;1200;1196;0;1;1;0
1206;8101-clwa-109f;coverage;1205;1204;0;1;1;0
1207;8101-clwa-118Khall;coverage;1205;1204;0;1;1;0
1208;8101-clwa-125;coverage;1205;1204;0;1;1;0
1209;8101-clwa-158;coverage;1205;1204;0;1;1;0
1212;8112-clwa-240c;coverage;1211;1210;0;1;1;0
1215;8121-clwa-incinerator;coverage;1214;1213;0;1;1;0
1216;8121-clwa-326;coverage;1214;1213;0;1;1;0
1217;8121-clwa-342hall;coverage;1214;1213;0;1;1;0
1219;8122-clwa-354hall;coverage;1218;1213;0;1;1;0
1220;8122-clwa-381b;coverage;1218;1213;0;1;1;0
1223;8131-clwa-a112hall;coverage;1222;1221;0;1;1;0
1224;8131-clwa-a122b;coverage;1222;1221;0;1;1;0
1225;8131-clwa-a124;coverage;1222;1221;0;1;1;0
1226;8131-clwb-a124;coverage;1222;1221;0;1;1;0
1229;8171-clwa-r102;coverage;1228;1227;0;1;1;0
1230;8171-clwa-a120;coverage;1228;1227;0;1;1;0
1231;8171-clwa-r206;coverage;1228;1227;0;1;1;0
1232;8171-clwa-s206hall;coverage;1228;1227;0;1;1;0
1233;8171-clwa-c208hall;coverage;1228;1227;0;1;1;0
1234;8171-clwa-r304hall;coverage;1228;1227;0;1;1;0
1235;8171-clwa-r402hall;coverage;1228;1227;0;1;1;0
1236;8171-clwa-c610hall;coverage;1228;1227;0;1;1;0
1237;8171-clwa-c640hall;coverage;1228;1227;0;1;1;0
1239;8172-clwa-p202hall;coverage;1238;1227;0;1;1;0
1240;8172-clwa-p206hall;coverage;1238;1227;0;1;1;0
1243;8212-clwa-228hall;coverage;1242;1241;0;1;1;0
1246;8271-clwa-courtyard;coverage;1245;1244;0;1;1;0
1247;8271-clwa-e118hall;coverage;1245;1244;0;1;1;0
1250;8311-clwa-f110;coverage;1249;1248;0;1;1;0
1251;8311-clwb-f110;coverage;1249;1248;0;1;1;0
1252;8311-clwc-f110;coverage;1249;1248;0;1;1;0
1253;8311-clwd-f110;coverage;1249;1248;0;1;1;0
1254;8311-clwe-f110;coverage;1249;1248;0;1;1;0
1255;8311-clwf-f110;coverage;1249;1248;0;1;1;0
1256;8311-clwg-f110;coverage;1249;1248;0;1;1;0
1257;8311-clwa-f114;coverage;1249;1248;0;1;1;0
1260;8331-clwa-104;coverage;1259;1258;0;1;1;0
1263;8351-clwa-111;coverage;1262;1261;0;1;1;0
1264;8351-clwa-132;coverage;1262;1261;0;1;1;0
1265;8351-clwa-141a;coverage;1262;1261;0;1;1;0
1266;8351-clwa-155c;coverage;1262;1261;0;1;1;0
1267;8351-clwa-171b;coverage;1262;1261;0;1;1;0
1268;8351-clwa-172;coverage;1262;1261;0;1;1;0
1269;8351-clwa-182hall;coverage;1262;1261;0;1;1;0
1270;8351-clwa-aud189;coverage;1262;1261;0;1;1;0
1271;8351-clwb-aud189;coverage;1262;1261;0;1;1;0
1272;8351-clwc-aud189;coverage;1262;1261;0;1;1;0
1273;8351-clwd-aud189;coverage;1262;1261;0;1;1;0
1274;8351-clwe-aud189;coverage;1262;1261;0;1;1;0
1275;8351-clwf-aud189;coverage;1262;1261;0;1;1;0
1276;8351-clwg-aud189;coverage;1262;1261;0;1;1;0
1277;8351-clwh-aud189;coverage;1262;1261;0;1;1;0
1278;8351-clwi-aud189;coverage;1262;1261;0;1;1;0
1279;8351-clwa-193d;coverage;1262;1261;0;1;1;0
1281;8352-clwa-208hall;coverage;1280;1261;0;1;1;0
1282;8352-clwa-222;coverage;1280;1261;0;1;1;0
1283;8352-clwa-246;coverage;1280;1261;0;1;1;0
1284;8352-clwa-269;coverage;1280;1261;0;1;1;0
1285;8352-clwa-285;coverage;1280;1261;0;1;1;0
1286;8352-clwa-291;coverage;1280;1261;0;1;1;0
1289;839b-clwa-b002;coverage;1288;1287;0;1;1;0
1290;839b-clwa-b200;coverage;1288;1287;0;1;1;0
1291;839b-clwb-b200;coverage;1288;1287;0;1;1;0
1292;839b-clwc-b200;coverage;1288;1287;0;1;1;0
1293;839b-clwa-b300;coverage;1288;1287;0;1;1;0
1294;839b-clwb-b300;coverage;1288;1287;0;1;1;0
1295;839b-clwa-b502;coverage;1288;1287;0;1;1;0
1296;839b-clwa-b700c;coverage;1288;1287;0;1;1;0
1298;8391-clwa-100;coverage;1297;1287;0;1;1;0
1299;8391-clwa-102;coverage;1297;1287;0;1;1;0
1300;8391-clwa-105;coverage;1297;1287;0;1;1;0
1301;8391-clwa-112;coverage;1297;1287;0;1;1;0
1302;8391-clwa-122;coverage;1297;1287;0;1;1;0
1303;8391-clwa-140;coverage;1297;1287;0;1;1;0
1304;8391-clwb-140;coverage;1297;1287;0;1;1;0
1305;8391-clwc-140;coverage;1297;1287;0;1;1;0
1306;8391-clwa-144hall;coverage;1297;1287;0;1;1;0
1307;8391-clwa-150;coverage;1297;1287;0;1;1;0
1308;8391-clwb-150;coverage;1297;1287;0;1;1;0
1309;8391-clwc-150;coverage;1297;1287;0;1;1;0
1310;8391-clwa-154hall;coverage;1297;1287;0;1;1;0
1311;8391-clwa-164hall;coverage;1297;1287;0;1;1;0
1313;8392-clwa-200;coverage;1312;1287;0;1;1;0
1314;8392-clwa-204;coverage;1312;1287;0;1;1;0
1315;8392-clwa-205;coverage;1312;1287;0;1;1;0
1316;8392-clwa-216;coverage;1312;1287;0;1;1;0
1317;8392-clwa-240;coverage;1312;1287;0;1;1;0
1318;8392-clwb-240;coverage;1312;1287;0;1;1;0
1319;8392-clwc-240;coverage;1312;1287;0;1;1;0
1320;8392-clwa-244hall;coverage;1312;1287;0;1;1;0
1321;8392-clwa-250;coverage;1312;1287;0;1;1;0
1322;8392-clwb-250;coverage;1312;1287;0;1;1;0
1323;8392-clwc-250;coverage;1312;1287;0;1;1;0
1324;8392-clwa-254hall;coverage;1312;1287;0;1;1;0
1325;8392-clwa-264hall;coverage;1312;1287;0;1;1;0
1327;8393-clwa-300;coverage;1326;1287;0;1;1;0
1328;8393-clwa-304;coverage;1326;1287;0;1;1;0
1329;8393-clwa-307;coverage;1326;1287;0;1;1;0
1330;8393-clwa-318;coverage;1326;1287;0;1;1;0
1331;8393-clwa-340;coverage;1326;1287;0;1;1;0
1332;8393-clwb340;coverage;1326;1287;0;1;1;0
1333;8393-clwc-340;coverage;1326;1287;0;1;1;0
1334;8393-clwa-344hall;coverage;1326;1287;0;1;1;0
1335;8393-clwa-350;coverage;1326;1287;0;1;1;0
1336;8393-clwb-350;coverage;1326;1287;0;1;1;0
1337;8393-clwc-350;coverage;1326;1287;0;1;1;0
1338;8393-clwa-354hall;coverage;1326;1287;0;1;1;0
1339;8393-clwa-362hall;coverage;1326;1287;0;1;1;0
1342;8971-clwa-111;coverage;1341;1340;0;1;1;0
1345;9011-clwa-koll;coverage;1344;1343;0;1;1;0
1346;9011-clwa-koll-hall;coverage;1344;1343;0;1;1;0
1347;9011-clwa-128;coverage;1344;1343;0;1;1;0
1349;9012-clwa-catwalk;coverage;1348;1343;0;1;1;0
1350;9012-clwa-east;coverage;1348;1343;0;1;1;0
1351;9012-clwa-northeast;coverage;1348;1343;0;1;1;0
1352;9012-clwa-soundroom;coverage;1348;1343;0;1;1;0
1353;9012-clwa-stewart;coverage;1348;1343;0;1;1;0
1354;9012-clwa-west;coverage;1348;1343;0;1;1;0
1355;9012-clwb-catwalk;coverage;1348;1343;0;1;1;0
1356;9012-clwc-catwalk;coverage;1348;1343;0;1;1;0
1357;9012-clwa-201;coverage;1348;1343;0;1;1;0
1360;1011-clwa-104;coverage;1359;1358;0;1;1;0
1361;1011-clwa-106d;coverage;1359;1358;0;1;1;0
1363;1012-clwa-study;coverage;1362;1358;0;1;1;0
1364;1012-clwb-study;coverage;1362;1358;0;1;1;0
1365;1012-clwc-study;coverage;1362;1358;0;1;1;0
1366;1012-clwd-Study;coverage;1362;1358;0;1;1;0
1367;1012-clwe-study;coverage;1362;1358;0;1;1;0
1368;1012-clwf-study;coverage;1362;1358;0;1;1;0
1369;1012-clwg-study;coverage;1362;1358;0;1;1;0
1370;1012-clwa-2114hall;coverage;1362;1358;0;1;1;0
1372;1013-clwa-3100;coverage;1371;1358;0;1;1;0
1373;1013-clwa-3220;coverage;1371;1358;0;1;1;0
1376;211b-clwa-MDF;coverage;1375;1374;0;1;1;0
1378;2111-clwa-1100;coverage;1377;1374;0;1;1;0
1379;2111-clwb-1100;coverage;1377;1374;0;1;1;0
1380;2111-clwc-1100;coverage;1377;1374;0;1;1;0
1381;2111-clwd-1100;coverage;1377;1374;0;1;1;0
1382;2111-clwe-1100;coverage;1377;1374;0;1;1;0
1383;2111-clwa-1148b;coverage;1377;1374;0;1;1;0
1384;2111-clwa-1165;coverage;1377;1374;0;1;1;0
1385;2111-clwa-1170;coverage;1377;1374;0;1;1;0
1387;2112-clwa-2102;coverage;1386;1374;0;1;1;0
1388;2112-clwa-2142;coverage;1386;1374;0;1;1;0
1390;2113-clwa-3120;coverage;1389;1374;0;1;1;0
1391;2113-clwa-3165;coverage;1389;1374;0;1;1;0
1393;2114-clwa-4128;coverage;1392;1374;0;1;1;0
1394;2114-clwa-4186;coverage;1392;1374;0;1;1;0
1396;2115-clwa-5130;coverage;1395;1374;0;1;1;0
1399;2131-clwa-1222;coverage;1398;1397;0;1;1;0
1400;2131-clwa-1290;coverage;1398;1397;0;1;1;0
1402;2132-clwa-2206;coverage;1401;1397;0;1;1;0
1403;2132-clwa-2290;coverage;1401;1397;0;1;1;0
1405;2133-clwa-3218;coverage;1404;1397;0;1;1;0
1406;2133-clwa-3266;coverage;1404;1397;0;1;1;0
1408;2134-clwa-4206;coverage;1407;1397;0;1;1;0
1409;2134-clwa-4264;coverage;1407;1397;0;1;1;0
1411;2135-clwa-5226;coverage;1410;1397;0;1;1;0
1412;2135-clwa-5250;coverage;1410;1397;0;1;1;0
1415;214b-clwa-g200;coverage;1414;1413;0;1;1;0
1416;214b-clwa-g231;coverage;1414;1413;0;1;1;0
1417;214b-clwa-g240;coverage;1414;1413;0;1;1;0
1419;2141-clwa-1209-hallway;coverage;1418;1413;0;1;1;0
1420;2141-clwa-1230;coverage;1418;1413;0;1;1;0
1421;2141-clwa-1241;coverage;1418;1413;0;1;1;0
1422;2141-clwa-1507;coverage;1418;1413;0;1;1;0
1423;2141-clwa-1517;coverage;1418;1413;0;1;1;0
1425;2142-clwa-2200;coverage;1424;1413;0;1;1;0
1426;2142-clwa-2221-hallway;coverage;1424;1413;0;1;1;0
1427;2142-clwa-2240;coverage;1424;1413;0;1;1;0
1428;2142-clwa-2311;coverage;1424;1413;0;1;1;0
1429;2142-clwa-2334-hallway;coverage;1424;1413;0;1;1;0
1430;2142-clwa-2556-hallway;coverage;1424;1413;0;1;1;0
1432;2143-clwa-3209-hallway;coverage;1431;1413;0;1;1;0
1433;2143-clwa-3220;coverage;1431;1413;0;1;1;0
1434;2143-clwa-3243-hallway;coverage;1431;1413;0;1;1;0
1435;2143-clwa-3260;coverage;1431;1413;0;1;1;0
1436;2143-clwb-3260;coverage;1431;1413;0;1;1;0
1437;2143-clwa-3311-hallway;coverage;1431;1413;0;1;1;0
1438;2143-clwa-3323;coverage;1431;1413;0;1;1;0
1439;2143-clwa-3556-hallway;coverage;1431;1413;0;1;1;0
1441;2144-clwa-4210;coverage;1440;1413;0;1;1;0
1442;2144-clwa-4220;coverage;1440;1413;0;1;1;0
1443;2144-clwa-4225;coverage;1440;1413;0;1;1;0
1444;2144-clwa-4245;coverage;1440;1413;0;1;1;0
1445;2144-clwa-4260;coverage;1440;1413;0;1;1;0
1446;2144-clwa-4323-hallway;coverage;1440;1413;0;1;1;0
1447;2144-clwa-4549;coverage;1440;1413;0;1;1;0
1448;2144-clwa-4566-hallway;coverage;1440;1413;0;1;1;0
1450;2145-clwa-5204-hallway;coverage;1449;1413;0;1;1;0
1451;2145-clwa-5218-hallway;coverage;1449;1413;0;1;1;0
1452;2145-clwa-5304;coverage;1449;1413;0;1;1;0
1453;2145-clwa-5343-hallway;coverage;1449;1413;0;1;1;0
1454;2145-clwa-5402;coverage;1449;1413;0;1;1;0
1455;2145-clwa-5416;coverage;1449;1413;0;1;1;0
1456;2145-clwa-5542hall;coverage;1449;1413;0;1;1;0
1459;2151-clwa-1304;coverage;1458;1457;0;1;1;0
1460;2151-clwb-1304;coverage;1458;1457;0;1;1;0
1461;2151-clwa-1306;coverage;1458;1457;0;1;1;0
1462;2151-clwb-1306;coverage;1458;1457;0;1;1;0
1463;2151-clwa-1368;coverage;1458;1457;0;1;1;0
1464;2151-clwa-1392;coverage;1458;1457;0;1;1;0
1466;2152-clwa-2307;coverage;1465;1457;0;1;1;0
1467;2152-clwa-2317;coverage;1465;1457;0;1;1;0
1468;2152-clwa-2323;coverage;1465;1457;0;1;1;0
1469;2152-clwa-2372;coverage;1465;1457;0;1;1;0
1471;2153-clwa-3306;coverage;1470;1457;0;1;1;0
1472;2153-clwa-3336;coverage;1470;1457;0;1;1;0
1473;2153-clwa-3366;coverage;1470;1457;0;1;1;0
1476;2221-clwa-courtyard;coverage;1475;1474;0;1;1;0
1477;2221-clwb-courtyard;coverage;1475;1474;0;1;1;0
1478;2221-clwc-courtyard;coverage;1475;1474;0;1;1;0
1479;2221-clwa-1000;coverage;1475;1474;0;1;1;0
1480;2221-clwa-1100;coverage;1475;1474;0;1;1;0
1481;2221-clwa-1128;coverage;1475;1474;0;1;1;0
1482;2221-clwa-1200;coverage;1475;1474;0;1;1;0
1483;2221-clwb-1200;coverage;1475;1474;0;1;1;0
1484;2221-clwc-1200;coverage;1475;1474;0;1;1;0
1485;2221-clwd-1200;coverage;1475;1474;0;1;1;0
1486;2221-clwe-1200;coverage;1475;1474;0;1;1;0
1487;2221-clwf-1200;coverage;1475;1474;0;1;1;0
1488;2221-clwg-1200;coverage;1475;1474;0;1;1;0
1489;2221-clwa-1400;coverage;1475;1474;0;1;1;0
1490;2221-clwb-1400;coverage;1475;1474;0;1;1;0
1492;2222-clwa-2013;coverage;1491;1474;0;1;1;0
1493;2222-clwa-2100;coverage;1491;1474;0;1;1;0
1494;2222-clwb-2100;coverage;1491;1474;0;1;1;0
1495;2222-clwa-2200;coverage;1491;1474;0;1;1;0
1496;2222-clwa-2300;coverage;1491;1474;0;1;1;0
1497;2222-clwa-2321;coverage;1491;1474;0;1;1;0
1498;2222-clwa-2511;coverage;1491;1474;0;1;1;0
1500;2223-clwa-3107hall;coverage;1499;1474;0;1;1;0
1501;2223-clwa-3205hall;coverage;1499;1474;0;1;1;0
1502;2223-clwa-3300;coverage;1499;1474;0;1;1;0
1503;2223-clwa-3310;coverage;1499;1474;0;1;1;0
1504;2223-clwb-3310;coverage;1499;1474;0;1;1;0
1505;2223-clwa-3410;coverage;1499;1474;0;1;1;0
1506;2223-clwa-3910;coverage;1499;1474;0;1;1;0
1508;2224-clwa-4216hall;coverage;1507;1474;0;1;1;0
1509;2224-clwa-4300;coverage;1507;1474;0;1;1;0
1510;2224-clwa-4500;coverage;1507;1474;0;1;1;0
1511;2224-clwa-4530;coverage;1507;1474;0;1;1;0
1512;2224-clwa-4619hall;coverage;1507;1474;0;1;1;0
1514;2225-clwa-5100hall;coverage;1513;1474;0;1;1;0
1515;2225-clwa-5200;coverage;1513;1474;0;1;1;0
1516;2225-clwa-5300;coverage;1513;1474;0;1;1;0
1517;2225-clwa-5400;coverage;1513;1474;0;1;1;0
1518;2225-clwa-5500;coverage;1513;1474;0;1;1;0
1521;3081-clwa-javacity;coverage;1520;1519;0;1;1;0
1522;3081-clwa-1111;coverage;1520;1519;0;1;1;0
1523;3081-clwa-1112;coverage;1520;1519;0;1;1;0
1524;3081-clwa-1120;coverage;1520;1519;0;1;1;0
1525;3081-clwa-1121;coverage;1520;1519;0;1;1;0
1526;3081-clwa-1130;coverage;1520;1519;0;1;1;0
1527;3081-clwa-1141b-hallway;coverage;1520;1519;0;1;1;0
1528;3081-clwa-1150a;coverage;1520;1519;0;1;1;0
1529;3081-clwa-1200;coverage;1520;1519;0;1;1;0
1530;3081-clwb-1200;coverage;1520;1519;0;1;1;0
1531;3081-clwc-1200;coverage;1520;1519;0;1;1;0
1532;3081-clwd-1200;coverage;1520;1519;0;1;1;0
1533;3081-clwe-1200;coverage;1520;1519;0;1;1;0
1534;3081-clwf-1200;coverage;1520;1519;0;1;1;0
1535;3081-clwg-1200;coverage;1520;1519;0;1;1;0
1537;3082-clwa-2110;coverage;1536;1519;0;1;1;0
1538;3082-clwa-2111;coverage;1536;1519;0;1;1;0
1539;3082-clwa-2121;coverage;1536;1519;0;1;1;0
1540;3082-clwa-2130;coverage;1536;1519;0;1;1;0
1541;3082-clwa-2141;coverage;1536;1519;0;1;1;0
1542;3082-clwa-2150;coverage;1536;1519;0;1;1;0
1543;3082-clwa-2210;coverage;1536;1519;0;1;1;0
1544;3082-clwa-2212;coverage;1536;1519;0;1;1;0
1545;3082-clwa-2217;coverage;1536;1519;0;1;1;0
1546;3082-clwa-2400;coverage;1536;1519;0;1;1;0
1547;3082-clwa-2409;coverage;1536;1519;0;1;1;0
1548;3082-clwa-2430;coverage;1536;1519;0;1;1;0
1550;3083-clwa-3110;coverage;1549;1519;0;1;1;0
1551;3083-clwa-3111;coverage;1549;1519;0;1;1;0
1552;3083-clwb-3111;coverage;1549;1519;0;1;1;0
1553;3083-clwa-3115;coverage;1549;1519;0;1;1;0
1554;3083-clwa-3121;coverage;1549;1519;0;1;1;0
1555;3083-clwa-3130;coverage;1549;1519;0;1;1;0
1556;3083-clwa-3131;coverage;1549;1519;0;1;1;0
1557;3083-clwa-3200;coverage;1549;1519;0;1;1;0
1558;3083-clwa-3207;coverage;1549;1519;0;1;1;0
1559;3083-clwa-3406;coverage;1549;1519;0;1;1;0
1560;3083-clwa-3418;coverage;1549;1519;0;1;1;0
1561;3083-clwa-3432;coverage;1549;1519;0;1;1;0
1563;3084-clwa-4110;coverage;1562;1519;0;1;1;0
1564;3084-clwa-4111;coverage;1562;1519;0;1;1;0
1565;3084-clwa-4120;coverage;1562;1519;0;1;1;0
1566;3084-clwa-4121;coverage;1562;1519;0;1;1;0
1567;3084-clwa-4130;coverage;1562;1519;0;1;1;0
1568;3084-clwa-4131;coverage;1562;1519;0;1;1;0
1569;3084-clwa-4200;coverage;1562;1519;0;1;1;0
1570;3084-clwb-4200;coverage;1562;1519;0;1;1;0
1571;3084-clwa-4213;coverage;1562;1519;0;1;1;0
1572;3084-clwa-4406;coverage;1562;1519;0;1;1;0
1573;3084-clwa-4418;coverage;1562;1519;0;1;1;0
1574;3084-clwa-4430;coverage;1562;1519;0;1;1;0
1576;3085-clwa-5109;coverage;1575;1519;0;1;1;0
1577;3085-clwa-5212hall;coverage;1575;1519;0;1;1;0
1578;3085-clwa-5232hall;coverage;1575;1519;0;1;1;0
1579;3085-clwa-5235hall;coverage;1575;1519;0;1;1;0
1580;3085-clwa-5268hall;coverage;1575;1519;0;1;1;0
1581;3085-clwa-5292hall;coverage;1575;1519;0;1;1;0
1582;3085-clwa-5300;coverage;1575;1519;0;1;1;0
1583;3085-clwa-5327;coverage;1575;1519;0;1;1;0
1584;3085-clwa-5400;coverage;1575;1519;0;1;1;0
1585;3085-clwa-5440;coverage;1575;1519;0;1;1;0
1586;3085-clwa-5440hall;coverage;1575;1519;0;1;1;0
1589;3141-clwa-1100;coverage;1588;1587;0;1;1;0
1590;3141-clwb-1100;coverage;1588;1587;0;1;1;0
1591;3141-clwc-1100;coverage;1588;1587;0;1;1;0
1592;3141-clwd-1100;coverage;1588;1587;0;1;1;0
1593;3141-clwe-1100;coverage;1588;1587;0;1;1;0
1594;3141-clwa-1200;coverage;1588;1587;0;1;1;0
1595;3141-clwb-1200;coverage;1588;1587;0;1;1;0
1596;3141-clwa-1300;coverage;1588;1587;0;1;1;0
1597;3141-clwb-1300;coverage;1588;1587;0;1;1;0
1598;3141-clwa-1412;coverage;1588;1587;0;1;1;0
1599;3141-clwa-1420;coverage;1588;1587;0;1;1;0
1600;3141-clwa-1422;coverage;1588;1587;0;1;1;0
1601;3141-clwa-1423;coverage;1588;1587;0;1;1;0
1602;3141-clwa-1425;coverage;1588;1587;0;1;1;0
1603;3141-clwa-1427;coverage;1588;1587;0;1;1;0
1604;3141-clwa-1429;coverage;1588;1587;0;1;1;0
1605;3141-clwa-1431;coverage;1588;1587;0;1;1;0
1606;3141-clwa-1433;coverage;1588;1587;0;1;1;0
1607;3141-clwa-1500;coverage;1588;1587;0;1;1;0
1608;3141-clwb-1500;coverage;1588;1587;0;1;1;0
1609;3141-clwa-1600;coverage;1588;1587;0;1;1;0
1610;3141-clwb-1600;coverage;1588;1587;0;1;1;0
1611;3141-clwc-1600;coverage;1588;1587;0;1;1;0
719;ET_Floor 10;region;718;717;122.8861114638384;348.86855081090835;366.7096927279647;154.62106137320757
727;ET_Floor 2;region;726;717;221.00029719262182;358.3824263044002;371.5020167074774;212.44070209995414
733;ET_Floor 3;region;732;717;221.00029719262182;358.3824263044002;371.5020167074774;212.44070209995414
739;ET_Floor 4_North;region;738;717;223.79463871016173;444.43850165203605;425.1301726235387;98.36157072871856
740;ET_Floor 4_South;region;738;717;52.805814440671725;440.7492406572186;224.4756516695296;97.9188459814169
745;ET_Floor 5_North;region;744;717;223.79463871016173;444.43850165203605;425.1301726235387;98.36157072871856
746;ET_Floor 5_South;region;744;717;52.805814440671725;440.7492406572186;224.4756516695296;97.9188459814169
750;ET_Floor 6_North;region;749;717;223.79463871016173;444.43850165203605;425.1301726235387;98.36157072871856
751;ET_Floor 6_South;region;749;717;52.805814440671725;440.7492406572186;224.4756516695296;97.9188459814169
758;ET_Floor 7_North;region;757;717;223.79463871016173;444.43850165203605;425.1301726235387;98.36157072871856
759;ET_Floor 7_South;region;757;717;52.805814440671725;440.7492406572186;224.4756516695296;97.9188459814169
763;ET_Floor 8_North;region;762;717;223.79463871016173;444.43850165203605;425.1301726235387;98.36157072871856
764;ET_Floor 8_South;region;762;717;52.805814440671725;440.7492406572186;224.4756516695296;97.9188459814169
768;ET_Floor 9_North;region;767;717;223.79463871016173;444.43850165203605;425.1301726235387;98.36157072871856
9;floor 1;floor;9;8;0;1;1;0
12;floor -;floor;12;11;0;1;1;0
16;floor 2;floor;16;15;0;1;1;0
20;floor 1;floor;20;19;0;1;1;0
23;floor 1;floor;23;22;0;1;1;0
30;floor 1;floor;30;29;0;1;1;0
35;floor 1;floor;35;34;0;1;1;0
41;floor 1;floor;41;40;0;1;1;0
45;floor 1;floor;45;44;0;1;1;0
48;floor 1;floor;48;47;0;1;1;0
53;floor 1;floor;53;52;0;1;1;0
56;floor 1;floor;56;55;0;1;1;0
59;floor 1;floor;59;58;0;1;1;0
62;floor 1;floor;62;61;0;1;1;0
65;floor 1;floor;65;64;0;1;1;0
69;floor 1;floor;69;68;0;1;1;0
75;floor 1;floor;75;74;0;1;1;0
79;floor 2;floor;79;78;0;1;1;0
82;floor 1;floor;82;81;0;1;1;0
86;floor 1;floor;86;85;0;1;1;0
90;floor 1;floor;90;89;0;1;1;0
93;floor 1;floor;93;92;0;1;1;0
104;floor 2;floor;104;92;0;1;1;0
109;floor 3;floor;109;92;0;1;1;0
119;floor 4;floor;119;92;0;1;1;0
128;floor 1;floor;128;127;0;1;1;0
136;floor 1;floor;136;135;0;1;1;0
141;floor 1;floor;141;140;0;1;1;0
145;floor 1;floor;145;144;0;1;1;0
150;floor 1;floor;150;149;0;1;1;0
155;floor 2;floor;155;149;0;1;1;0
158;floor b;floor;158;157;0;1;1;0
162;floor 1;floor;162;157;0;1;1;0
169;floor 2;floor;169;168;0;1;1;0
171;floor 1;floor;171;168;0;1;1;0
176;floor 1;floor;176;175;0;1;1;0
188;floor 2;floor;188;175;0;1;1;0
200;floor 3;floor;200;175;0;1;1;0
209;floor 1;floor;209;208;0;1;1;0
216;floor 2;floor;216;208;0;1;1;0
219;floor 1;floor;219;218;0;1;1;0
226;floor 2;floor;226;218;0;1;1;0
233;floor 3;floor;233;218;0;1;1;0
239;floor 4;floor;239;218;0;1;1;0
247;floor 1;floor;247;246;0;1;1;0
249;floor 2;floor;249;246;0;1;1;0
251;floor 3;floor;251;246;0;1;1;0
254;floor 1;floor;254;253;0;1;1;0
265;floor 2;floor;265;253;0;1;1;0
281;floor 3;floor;281;253;0;1;1;0
300;floor 4;floor;300;253;0;1;1;0
317;floor 5;floor;317;253;0;1;1;0
335;floor 1;floor;335;334;0;1;1;0
342;floor t;floor;342;341;0;1;1;0
344;floor 1;floor;344;341;0;1;1;0
348;floor 1;floor;348;347;0;1;1;0
351;floor b;floor;351;350;0;1;1;0
355;floor 1;floor;355;350;0;1;1;0
361;floor 2;floor;361;350;0;1;1;0
369;floor 3;floor;369;350;0;1;1;0
378;floor 4;floor;378;350;0;1;1;0
383;floor 5;floor;383;350;0;1;1;0
388;floor 1;floor;388;387;0;1;1;0
392;floor b;floor;392;391;0;1;1;0
394;floor 1;floor;394;391;0;1;1;0
399;floor 2;floor;399;391;0;1;1;0
407;floor 3;floor;407;391;0;1;1;0
413;floor 4;floor;413;391;0;1;1;0
416;floor 5;floor;416;391;0;1;1;0
421;floor 6;floor;421;391;0;1;1;0
424;floor b;floor;424;423;0;1;1;0
438;floor c;floor;438;423;0;1;1;0
458;floor a;floor;458;423;0;1;1;0
500;floor g;floor;500;423;0;1;1;0
531;floor 1;floor;531;530;0;1;1;0
539;floor 1;floor;539;538;0;1;1;0
545;floor 2;floor;545;538;0;1;1;0
552;floor 3;floor;552;538;0;1;1;0
556;floor 4;floor;556;538;0;1;1;0
560;floor 5;floor;560;538;0;1;1;0
565;floor 6;floor;565;538;0;1;1;0
569;floor 7;floor;569;538;0;1;1;0
574;floor 1;floor;574;573;0;1;1;0
588;floor 2;floor;588;573;0;1;1;0
598;floor 4;floor;598;573;0;1;1;0
601;floor 1;floor;601;600;0;1;1;0
607;floor 1;floor;607;606;0;1;1;0
615;floor 2;floor;615;606;0;1;1;0
620;floor 3;floor;620;606;0;1;1;0
628;floor 1;floor;628;627;0;1;1;0
638;floor 2;floor;638;637;0;1;1;0
641;floor 1;floor;641;640;0;1;1;0
649;floor 2;floor;649;640;0;1;1;0
653;floor 3;floor;653;640;0;1;1;0
656;floor 4;floor;656;640;0;1;1;0
661;floor 1;floor;661;660;0;1;1;0
663;floor 2;floor;663;660;0;1;1;0
666;floor 1;floor;666;665;0;1;1;0
668;floor 2;floor;668;665;0;1;1;0
671;floor 1;floor;671;670;0;1;1;0
676;floor 1;floor;676;675;0;1;1;0
680;floor 1;floor;680;679;0;1;1;0
687;floor 1;floor;687;686;0;1;1;0
698;floor 2;floor;698;686;0;1;1;0
707;floor 3;floor;707;686;0;1;1;0
712;floor 4;floor;712;686;0;1;1;0
718;Floor 10;floor;718;717;-2.9036083672721134;504.67372583583267;500.91025057363305;0.6171202378016005
720;Floor 1;floor;720;717;0;1;1;0
726;Floor 2;floor;726;717;133.16218121539146;455.9403727874237;456.54397864227445;19.215465929546212
732;Floor 3;floor;732;717;91.01685442705167;428.0016244205103;462.53004627961695;26.20341844816926
738;Floor 4;floor;738;717;22.285611447504266;483.5406154055902;443.31392032083954;47.787920740088225
744;Floor 5;floor;744;717;156.3430116412623;399.2034889381342;457.57637215356755;63.60845627474305
749;Floor 6;floor;749;717;129.30162108072216;417.5631227684743;447.46512956654135;83.28323315741807
757;Floor 7;floor;757;717;154.10474270675797;491.9955685861554;438.2431199795574;71.39070099699347
762;Floor 8;floor;762;717;128.51215857512403;455.46728262180216;452.23228842973356;78.66076198491123
767;Floor 9;floor;767;717;127.41469359070362;417.0900326028527;441.6655871699634;58.291547821967924
772;floor 1;floor;772;771;0;1;1;0
776;floor 2;floor;776;771;0;1;1;0
780;floor 1;floor;780;779;0;1;1;0
790;floor 1;floor;790;789;0;1;1;0
793;floor 3;floor;793;789;0;1;1;0
796;floor 1;floor;796;795;0;1;1;0
801;floor 1;floor;801;800;0;1;1;0
805;floor 1;floor;805;804;0;1;1;0
809;floor 1;floor;809;808;0;1;1;0
813;floor 2;floor;813;808;0;1;1;0
816;floor b;floor;816;815;0;1;1;0
822;floor 1;floor;822;815;0;1;1;0
840;floor 2;floor;840;815;0;1;1;0
849;floor 3;floor;849;815;0;1;1;0
858;floor 4;floor;858;815;0;1;1;0
867;floor 5;floor;867;815;0;1;1;0
877;floor 1;floor;877;876;0;1;1;0
889;floor 1;floor;889;888;0;1;1;0
894;floor 2;floor;894;888;0;1;1;0
900;floor 1;floor;900;899;0;1;1;0
913;floor 2;floor;913;899;0;1;1;0
925;floor 1;floor;925;924;0;1;1;0
931;floor 1;floor;931;930;0;1;1;0
937;floor 2;floor;937;930;0;1;1;0
942;floor 1;floor;942;941;0;1;1;0
954;floor b;floor;954;953;0;1;1;0
956;floor 1;floor;956;953;0;1;1;0
968;floor 2;floor;968;953;0;1;1;0
979;floor 3;floor;979;953;0;1;1;0
982;floor 4;floor;982;953;0;1;1;0
985;floor 5;floor;985;953;0;1;1;0
989;floor 2;floor;989;988;0;1;1;0
991;floor 3;floor;991;988;0;1;1;0
993;floor 1;floor;993;988;0;1;1;0
996;floor 1;floor;996;995;0;1;1;0
1004;floor 1;floor;1004;1003;0;1;1;0
1008;floor 1;floor;1008;1007;0;1;1;0
1014;floor 2;floor;1014;1013;0;1;1;0
1017;floor 1;floor;1017;1016;0;1;1;0
1023;floor 2;floor;1023;1016;0;1;1;0
1029;floor 3;floor;1029;1016;0;1;1;0
1035;floor 4;floor;1035;1016;0;1;1;0
1041;floor 5;floor;1041;1016;0;1;1;0
1046;floor 1;floor;1046;1045;0;1;1;0
1062;floor 2;floor;1062;1045;0;1;1;0
1074;floor 3;floor;1074;1045;0;1;1;0
1078;floor b;floor;1078;1077;0;1;1;0
1082;floor 1;floor;1082;1077;0;1;1;0
1097;floor 2;floor;1097;1077;0;1;1;0
1104;floor 3;floor;1104;1077;0;1;1;0
1112;floor 4;floor;1112;1077;0;1;1;0
1120;floor 1;floor;1120;1119;0;1;1;0
1127;floor 2;floor;1127;1119;0;1;1;0
1132;floor 1;floor;1132;1131;0;1;1;0
1146;floor 2;floor;1146;1131;0;1;1;0
1155;floor 1;floor;1155;1154;0;1;1;0
1162;floor 1;floor;1162;1161;0;1;1;0
1165;floor 2;floor;1165;1161;0;1;1;0
1168;floor 1;floor;1168;1167;0;1;1;0
1170;floor 2;floor;1170;1167;0;1;1;0
1175;floor 1;floor;1175;1174;0;1;1;0
1178;floor 1;floor;1178;1177;0;1;1;0
1182;floor 1;floor;1182;1181;0;1;1;0
1185;floor 2;floor;1185;1181;0;1;1;0
1189;floor 1;floor;1189;1188;0;1;1;0
1191;floor 2;floor;1191;1188;0;1;1;0
1194;floor 3;floor;1194;1188;0;1;1;0
1197;floor 1;floor;1197;1196;0;1;1;0
1200;floor 2;floor;1200;1196;0;1;1;0
1205;floor 1;floor;1205;1204;0;1;1;0
1211;floor 2;floor;1211;1210;0;1;1;0
1214;floor 1;floor;1214;1213;0;1;1;0
1218;floor 2;floor;1218;1213;0;1;1;0
1222;floor 1;floor;1222;1221;0;1;1;0
1228;floor 1;floor;1228;1227;0;1;1;0
1238;floor 2;floor;1238;1227;0;1;1;0
1242;floor 2;floor;1242;1241;0;1;1;0
1245;floor 1;floor;1245;1244;0;1;1;0
1249;floor 1;floor;1249;1248;0;1;1;0
1259;floor 1;floor;1259;1258;0;1;1;0
1262;floor 1;floor;1262;1261;0;1;1;0
1280;floor 2;floor;1280;1261;0;1;1;0
1288;floor b;floor;1288;1287;0;1;1;0
1297;floor 1;floor;1297;1287;0;1;1;0
1312;floor 2;floor;1312;1287;0;1;1;0
1326;floor 3;floor;1326;1287;0;1;1;0
1341;floor 1;floor;1341;1340;0;1;1;0
1344;floor 1;floor;1344;1343;0;1;1;0
1348;floor 2;floor;1348;1343;0;1;1;0
1359;floor 1;floor;1359;1358;0;1;1;0
1362;floor 2;floor;1362;1358;0;1;1;0
1371;floor 3;floor;1371;1358;0;1;1;0
1375;floor b;floor;1375;1374;0;1;1;0
1377;floor 1;floor;1377;1374;0;1;1;0
1386;floor 2;floor;1386;1374;0;1;1;0
1389;floor 3;floor;1389;1374;0;1;1;0
1392;floor 4;floor;1392;1374;0;1;1;0
1395;floor 5;floor;1395;1374;0;1;1;0
1398;floor 1;floor;1398;1397;0;1;1;0
1401;floor 2;floor;1401;1397;0;1;1;0
1404;floor 3;floor;1404;1397;0;1;1;0
1407;floor 4;floor;1407;1397;0;1;1;0
1410;floor 5;floor;1410;1397;0;1;1;0
1414;floor b;floor;1414;1413;0;1;1;0
1418;floor 1;floor;1418;1413;0;1;1;0
1424;floor 2;floor;1424;1413;0;1;1;0
1431;floor 3;floor;1431;1413;0;1;1;0
1440;floor 4;floor;1440;1413;0;1;1;0
1449;floor 5;floor;1449;1413;0;1;1;0
1458;floor 1;floor;1458;1457;0;1;1;0
1465;floor 2;floor;1465;1457;0;1;1;0
1470;floor 3;floor;1470;1457;0;1;1;0
1475;floor 1;floor;1475;1474;0;1;1;0
1491;floor 2;floor;1491;1474;0;1;1;0
1499;floor 3;floor;1499;1474;0;1;1;0
1507;floor 4;floor;1507;1474;0;1;1;0
1513;floor 5;floor;1513;1474;0;1;1;0
1520;floor 1;floor;1520;1519;0;1;1;0
1536;floor 2;floor;1536;1519;0;1;1;0
1549;floor 3;floor;1549;1519;0;1;1;0
1562;floor 4;floor;1562;1519;0;1;1;0
1575;floor 5;floor;1575;1519;0;1;1;0
1588;floor 1;floor;1588;1587;0;1;1;0
1612;floor 2;floor;1612;1587;0;87;100;0
3;Social Science Trailer;building;NULL;3;-117.8403876;33.6471192;-117.8401179;33.6469527
4;Disability Services Center;building;NULL;4;-117.8405774;33.6442844;-117.840236;33.6440091
5;Medical Sciences D, Cheney Hall;building;NULL;5;-117.8513945;33.6456851;-117.8507885;33.6451873
6;Verano Place Cyber Cafe (3400);building;NULL;6;0;1;1;0
7;Student Services I, II;building;NULL;7;-117.8426488;33.6481268;-117.8420853;33.6476034
8;Electrical Substation;building;NULL;8;-117.8502134;33.6407044;-117.8494896;33.6399745
11;Starbucks Kiosk;building;NULL;11;0;1;1;0
15;Receiving;building;NULL;15;0;1;1;0
19;Arboretum;building;NULL;19;-117.854542;33.6650906;-117.8512631;33.6619097
22;Facilities Management Shops;building;NULL;22;0;1;1;0
29;Phoenix Food Court;building;NULL;29;-117.8408102;33.6457228;-117.8403784;33.6454425
34;Early Childhood Education Center;building;NULL;34;0;1;1;0
40;Banning House;building;NULL;40;-117.8370942;33.6464021;-117.8368219;33.6460121
44;Continuing Education 5;building;NULL;44;-117.8365206;33.6452687;-117.8361892;33.6451524
47;B.C.s Cavern Food Court;building;NULL;47;-117.8444056;33.6458891;-117.8444056;33.6458891
52;KUCI Radio Station;building;NULL;52;-117.8472368;33.6463866;-117.8471045;33.6463347
55;Middle Earth Pippin Commons;building;NULL;55;-117.8369978;33.6451062;-117.8366513;33.6444981
58;Court Building;building;NULL;58;-117.8268874;33.6436025;-117.8267272;33.6434112
61;Field Building;building;NULL;61;-117.8261009;33.6422232;-117.8260112;33.642151
64;Winifred Smith Hall;building;NULL;64;0;1;1;0
68;Claire Trevor Theatre;building;NULL;68;-117.8454778;33.6495724;-117.8451534;33.6492311
74;Building Services Bldg.;building;NULL;74;-117.8486394;33.6425873;-117.848373;33.6422832
78;Central Plant;building;NULL;78;-117.8470897;33.6481814;-117.8465205;33.6476224
81;Track & Field House;building;NULL;81;-117.8495219;33.6500082;-117.8492044;33.6497851
85;Anteater Stadium;building;NULL;85;0;1;1;0
89;Crawford Clubhouse;building;NULL;89;-117.849316;33.6477246;-117.8490508;33.6475107
92;Multipurpose Academic & Administrative Bldg.;building;NULL;92;-117.837356;33.6472312;-117.8366736;33.6468999
127;Student Health Center;building;NULL;127;-117.8361782;33.6457729;-117.8357177;33.6452969
135;Arts Annex;building;NULL;135;-117.8469931;33.6465208;-117.8467855;33.6464234
140;Infant/Toddler Center 1;building;NULL;140;0;1;1;0
144;Student Health Center II;building;NULL;144;-117.8349739;33.6459229;-117.8348359;33.6453129
149;Public Services;building;NULL;149;-117.8349851;33.6465971;-117.8346546;33.6463383
157;Crawford Hall;building;NULL;157;-117.8484204;33.6483294;-117.8476671;33.6477747
168;Anteater Ballpark/Newkirk Pavilion;building;NULL;168;-117.8463319;33.6525444;-117.8460119;33.6521496
175;Education Building;building;NULL;175;-117.836192;33.6475515;-117.835568;33.646984
208;Env. Health & Safety Services Facility;building;NULL;208;0;1;1;0
218;Law Building;building;NULL;218;-117.8362202;33.6468801;-117.8355576;33.6466572
246;Mesa Arts Building;building;NULL;246;-117.8466004;33.6504165;-117.846169;33.6499476
253;Continuing Education;building;NULL;253;-117.8351109;33.6452194;-117.8346762;33.6446373
334;Child Development Center;building;NULL;334;-117.8569264;33.6630575;-117.8565656;33.6627545
341;Facilities Management Building;building;NULL;341;0;1;1;0
347;Faculty Research Facility;building;NULL;347;0;1;1;0
350;Langson Library;building;NULL;350;-117.8415201;33.6475074;-117.8406627;33.6467563
387;Cross-Cultural Center;building;NULL;387;-117.8420581;33.6480035;-117.8416772;33.6475432
391;Aldrich Hall;building;NULL;391;-117.8416086;33.6487528;-117.8408279;33.647984
423;Student Center;building;NULL;423;-117.8429728;33.6496689;-117.8413731;33.6482831
530;Social Science Hall;building;NULL;530;-117.840198;33.646303;-117.8399709;33.6461284
538;Social Science Tower;building;NULL;538;-117.8406066;33.6465774;-117.8399315;33.6463224
573;Social Science Laboratory;building;NULL;573;-117.8401986;33.6460736;-117.8398358;33.6457751
600;Social Science Trailer;building;NULL;600;-117.8403365;33.6470464;-117.8400606;33.6468776
606;Social Ecology I;building;NULL;606;-117.8391841;33.6463329;-117.8383357;33.6459678
627;Social Science Lecture Hall;building;NULL;627;-117.8399233;33.6473806;-117.8395672;33.6470748
637;near Merage School of Business II;building;NULL;637;0;1;1;0
640;Merage School of Business II;building;NULL;640;-117.8383628;33.6467765;-117.8377608;33.6465351
660;Summer Session B;building;NULL;660;-117.8375885;33.6463869;-117.8372952;33.646079
665;Summer Session A;building;NULL;665;-117.8374684;33.646609;-117.8372032;33.6463735
670;Continuing Education 4;building;NULL;670;-117.8374022;33.6460566;-117.8371595;33.6458186
675;Continuing Education 3;building;NULL;675;-117.8375949;33.6459757;-117.8369857;33.6456532
679;Continuing Education 6;building;NULL;679;-117.836422;33.6451092;-117.8355463;33.6449937
686;Information & Computer Science;building;NULL;686;-117.8421001;33.6445459;-117.8414532;33.6440213
717;Engineering Tower;building;NULL;717;-117.8413992;33.6449143;-117.8408572;33.6444965
771;Information & Computer Science 2;building;NULL;771;-117.8421874;33.6442293;-117.8412807;33.6438057
779;Engineering Lecture Hall;building;NULL;779;-117.8409597;33.6446487;-117.8404993;33.6442684
789;Rockwell Engineering Center;building;NULL;789;-117.8406762;33.6440478;-117.8403624;33.6437531
795;Disability Services Center;building;NULL;795;-117.8403568;33.6444313;-117.8400721;33.6441945
800;Interim Classroom Facility;building;NULL;800;-117.8401054;33.6445385;-117.8398554;33.6443232
804;Engineering & Computing Trailer;building;NULL;804;-117.8403864;33.6442374;-117.8399034;33.6437857
808;Engineering Laboratory Facility;building;NULL;808;-117.840026;33.6440635;-117.8392598;33.6434845
815;Rowland Hall;building;NULL;815;-117.8445583;33.6448865;-117.8437401;33.6441245
876;Physical Sciences Lecture Hall;building;NULL;876;-117.8441761;33.6435548;-117.8437761;33.6432234
888;Physical Sciences Classroom Building;building;NULL;888;-117.8436611;33.6435166;-117.8433059;33.6432965
899;Multipurpose Science & Technology Bldg.;building;NULL;899;-117.8448792;33.642219;-117.8439992;33.6418736
924;Administrative Modular;building;NULL;924;-117.8463572;33.642015;-117.8459207;33.641748
930;Newkirk Alumni Center;building;NULL;930;-117.8463319;33.6525444;-117.8460119;33.6521496
941;Howard Schneiderman Lecture Hall;building;NULL;941;-117.8448084;33.6457651;-117.8444858;33.6453802
953;Steinhaus Hall;building;NULL;953;-117.8451407;33.6463946;-117.8445321;33.6460529
988;Qureshey Research Laboratory;building;NULL;988;-117.8459488;33.6467386;-117.8455544;33.6464095
995;Bonney Research Laboratory;building;NULL;995;-117.8462985;33.6467926;-117.8456762;33.6460477
1003;Bison Modular;building;NULL;1003;-117.8465945;33.6439577;-117.8460849;33.6435413
1007;Infant/Toddler Center 2;building;NULL;1007;0;1;1;0
1013;Mesa Office Building;building;NULL;1013;-117.8465635;33.651334;-117.846167;33.651089
1016;Krieger Hall;building;NULL;1016;-117.843708;33.6478875;-117.8433107;33.6473632
1045;Humanities Hall;building;NULL;1045;-117.8442799;33.6475803;-117.843677;33.6470536
1077;Humanities Instructional Building;building;NULL;1077;-117.8442401;33.6486385;-117.8432854;33.6482223
1119;Intercollegiate Athletics Building;building;NULL;1119;-117.8457985;33.6483304;-117.845248;33.647996
1131;Anteater Recreation Center (ARC);building;NULL;1131;-117.8287223;33.6437848;-117.8272601;33.6428641
1154;Robert Cohen Theatre & Dance Studios;building;NULL;1154;-117.8457092;33.6495139;-117.845467;33.6493108
1161;Arts Instruction & Technology Resource Center;building;NULL;1161;0;1;1;0
1167;Drama Building;building;NULL;1167;-117.8452301;33.649967;-117.844783;33.6493279
1174;Art Studio;building;NULL;1174;-117.8450167;33.650294;-117.8446185;33.6498823
1177;Production Studio;building;NULL;1177;-117.8458606;33.649909;-117.8455722;33.6495788
1181;Studio Four;building;NULL;1181;-117.8458885;33.6502644;-117.8454486;33.6500107
1188;Music & Media Building;building;NULL;1188;-117.8447555;33.6499259;-117.8436901;33.6491678
1196;Berk Hall/Nursing Science;building;NULL;1196;-117.8497423;33.6463649;-117.8492998;33.6460494
1204;Medical Surge I;building;NULL;1204;-117.8504929;33.646673;-117.8498224;33.6461535
1210;Medical Sciences B;building;NULL;1210;-117.8502075;33.6457029;-117.8496014;33.645205
1213;Medical Surge II;building;NULL;1213;-117.8505297;33.6471195;-117.8495233;33.646482
1221;Medical Sciences A;building;NULL;1221;-117.850081;33.6452036;-117.8495913;33.6447209
1227;Beckman Laser Institute;building;NULL;1227;-117.8503769;33.6445471;-117.8496722;33.6439399
1241;Medical Sciences C;building;NULL;1241;-117.8508046;33.6456927;-117.8501985;33.6451948
1244;Medical Sciences E;building;NULL;1244;-117.8515579;33.6455732;-117.8514183;33.6451786
1248;Tamkin Student Lecture Building;building;NULL;1248;-117.8521122;33.6456697;-117.8518372;33.6453338
1258;Medical Sciences Classroom Facility;building;NULL;1258;0;1;1;0
1261;Irvine Hall;building;NULL;1261;-117.8527504;33.6451602;-117.8519086;33.6444695
1287;Sprague Hall;building;NULL;1287;-117.8523345;33.6442927;-117.85178;33.6438124
1340;Grounds Maintenance Facility;building;NULL;1340;-117.8488291;33.6429463;-117.8485778;33.642649
1343;Bren Events Center;building;NULL;1343;-117.847584;33.6499309;-117.846321;33.6489376
1358;Gateway Study Center;building;NULL;1358;-117.8420757;33.6477181;-117.8414821;33.6471924
1374;Social Science Plaza A;building;NULL;1374;-117.8397202;33.6471601;-117.839381;33.6466987
1397;Social Science Plaza B;building;NULL;1397;-117.8393169;33.6471573;-117.8387939;33.6467632
1413;Social & Behavioral Sciences Gateway;building;NULL;1413;-117.8395462;33.6476287;-117.838584;33.6471253
1457;Social Ecology II;building;NULL;1457;-117.839365;33.6467297;-117.8385417;33.6464194
1474;Merage School of Business;building;NULL;1474;-117.8384497;33.6471939;-117.8375679;33.6467923
1519;Engineering Hall;building;NULL;1519;-117.8417297;33.6439467;-117.8407586;33.6434365
1587;Donald Bren Hall;building;NULL;1587;-117.8422864;33.6435452;-117.8414719;33.642992
2;University of California, Irvine;campus;NULL;NULL;-117.8595297;33.654776;-117.8219358;33.6315566
